[0.062s] DEBUG:colcon:Command line arguments: ['/usr/bin/colcon', '--log-base', 'log', 'build', '--symlink-install']
[0.062s] DEBUG:colcon:Parsed command line arguments: Namespace(log_base='log', log_level=None, verb_name='build', build_base='build', install_base='install', merge_install=False, symlink_install=True, test_result_base=None, continue_on_error=False, executor='parallel', parallel_workers=16, event_handlers=None, ignore_user_meta=False, metas=['./colcon.meta'], base_paths=['.'], packages_ignore=None, packages_ignore_regex=None, paths=None, packages_up_to=None, packages_up_to_regex=None, packages_above=None, packages_above_and_dependencies=None, packages_above_depth=None, packages_select_by_dep=None, packages_skip_by_dep=None, packages_skip_up_to=None, packages_select_build_failed=False, packages_skip_build_finished=False, packages_select_test_failures=False, packages_skip_test_passed=False, packages_select=None, packages_skip=None, packages_select_regex=None, packages_skip_regex=None, packages_start=None, packages_end=None, allow_overriding=[], cmake_args=None, cmake_target=None, cmake_target_skip_unavailable=False, cmake_clean_cache=False, cmake_clean_first=False, cmake_force_configure=False, ament_cmake_args=None, catkin_cmake_args=None, catkin_skip_building_tests=False, verb_parser=<colcon_defaults.argument_parser.defaults.DefaultArgumentsDecorator object at 0x7759f9bd08e0>, verb_extension=<colcon_core.verb.build.BuildVerb object at 0x7759f9bd0490>, main=<bound method BuildVerb.main of <colcon_core.verb.build.BuildVerb object at 0x7759f9bd0490>>)
[0.163s] Level 1:colcon.colcon_core.package_discovery:discover_packages(colcon_meta) check parameters
[0.164s] Level 1:colcon.colcon_core.package_discovery:discover_packages(recursive) check parameters
[0.164s] Level 1:colcon.colcon_core.package_discovery:discover_packages(ignore) check parameters
[0.164s] Level 1:colcon.colcon_core.package_discovery:discover_packages(path) check parameters
[0.164s] Level 1:colcon.colcon_core.package_discovery:discover_packages(colcon_meta) discover
[0.164s] Level 1:colcon.colcon_core.package_discovery:discover_packages(recursive) discover
[0.164s] INFO:colcon.colcon_core.package_discovery:Crawling recursively for packages in '/home/dgut/code/Nazarite'
[0.164s] Level 1:colcon.colcon_core.package_identification:_identify(.) by extensions ['ignore', 'ignore_ament_install']
[0.164s] Level 1:colcon.colcon_core.package_identification:_identify(.) by extension 'ignore'
[0.164s] Level 1:colcon.colcon_core.package_identification:_identify(.) by extension 'ignore_ament_install'
[0.164s] Level 1:colcon.colcon_core.package_identification:_identify(.) by extensions ['colcon_pkg']
[0.164s] Level 1:colcon.colcon_core.package_identification:_identify(.) by extension 'colcon_pkg'
[0.164s] Level 1:colcon.colcon_core.package_identification:_identify(.) by extensions ['colcon_meta']
[0.164s] Level 1:colcon.colcon_core.package_identification:_identify(.) by extension 'colcon_meta'
[0.164s] Level 1:colcon.colcon_core.package_identification:_identify(.) by extensions ['ros']
[0.164s] Level 1:colcon.colcon_core.package_identification:_identify(.) by extension 'ros'
[0.171s] Level 1:colcon.colcon_core.package_identification:_identify(.) by extensions ['cmake', 'python']
[0.171s] Level 1:colcon.colcon_core.package_identification:_identify(.) by extension 'cmake'
[0.171s] Level 1:colcon.colcon_core.package_identification:_identify(.) by extension 'python'
[0.171s] Level 1:colcon.colcon_core.package_identification:_identify(.) by extensions ['python_setup_py']
[0.171s] Level 1:colcon.colcon_core.package_identification:_identify(.) by extension 'python_setup_py'
[0.171s] Level 1:colcon.colcon_core.package_identification:_identify(build) by extensions ['ignore', 'ignore_ament_install']
[0.171s] Level 1:colcon.colcon_core.package_identification:_identify(build) by extension 'ignore'
[0.171s] Level 1:colcon.colcon_core.package_identification:_identify(build) ignored
[0.171s] Level 1:colcon.colcon_core.package_identification:_identify(install) by extensions ['ignore', 'ignore_ament_install']
[0.171s] Level 1:colcon.colcon_core.package_identification:_identify(install) by extension 'ignore'
[0.171s] Level 1:colcon.colcon_core.package_identification:_identify(install) ignored
[0.171s] Level 1:colcon.colcon_core.package_identification:_identify(log) by extensions ['ignore', 'ignore_ament_install']
[0.171s] Level 1:colcon.colcon_core.package_identification:_identify(log) by extension 'ignore'
[0.172s] Level 1:colcon.colcon_core.package_identification:_identify(log) ignored
[0.172s] Level 1:colcon.colcon_core.package_identification:_identify(src) by extensions ['ignore', 'ignore_ament_install']
[0.172s] Level 1:colcon.colcon_core.package_identification:_identify(src) by extension 'ignore'
[0.172s] Level 1:colcon.colcon_core.package_identification:_identify(src) by extension 'ignore_ament_install'
[0.172s] Level 1:colcon.colcon_core.package_identification:_identify(src) by extensions ['colcon_pkg']
[0.172s] Level 1:colcon.colcon_core.package_identification:_identify(src) by extension 'colcon_pkg'
[0.172s] Level 1:colcon.colcon_core.package_identification:_identify(src) by extensions ['colcon_meta']
[0.172s] Level 1:colcon.colcon_core.package_identification:_identify(src) by extension 'colcon_meta'
[0.172s] Level 1:colcon.colcon_core.package_identification:_identify(src) by extensions ['ros']
[0.172s] Level 1:colcon.colcon_core.package_identification:_identify(src) by extension 'ros'
[0.172s] Level 1:colcon.colcon_core.package_identification:_identify(src) by extensions ['cmake', 'python']
[0.172s] Level 1:colcon.colcon_core.package_identification:_identify(src) by extension 'cmake'
[0.172s] Level 1:colcon.colcon_core.package_identification:_identify(src) by extension 'python'
[0.172s] Level 1:colcon.colcon_core.package_identification:_identify(src) by extensions ['python_setup_py']
[0.172s] Level 1:colcon.colcon_core.package_identification:_identify(src) by extension 'python_setup_py'
[0.172s] Level 1:colcon.colcon_core.package_identification:_identify(src/arm-new23) by extensions ['ignore', 'ignore_ament_install']
[0.172s] Level 1:colcon.colcon_core.package_identification:_identify(src/arm-new23) by extension 'ignore'
[0.172s] Level 1:colcon.colcon_core.package_identification:_identify(src/arm-new23) by extension 'ignore_ament_install'
[0.172s] Level 1:colcon.colcon_core.package_identification:_identify(src/arm-new23) by extensions ['colcon_pkg']
[0.172s] Level 1:colcon.colcon_core.package_identification:_identify(src/arm-new23) by extension 'colcon_pkg'
[0.172s] Level 1:colcon.colcon_core.package_identification:_identify(src/arm-new23) by extensions ['colcon_meta']
[0.172s] Level 1:colcon.colcon_core.package_identification:_identify(src/arm-new23) by extension 'colcon_meta'
[0.172s] Level 1:colcon.colcon_core.package_identification:_identify(src/arm-new23) by extensions ['ros']
[0.172s] Level 1:colcon.colcon_core.package_identification:_identify(src/arm-new23) by extension 'ros'
[0.179s] DEBUG:colcon.colcon_core.package_identification:Package 'src/arm-new23' with type 'ros.ament_cmake' and name 'arm-new23'
[0.179s] Level 1:colcon.colcon_core.package_identification:_identify(src/costmap_converter) by extensions ['ignore', 'ignore_ament_install']
[0.179s] Level 1:colcon.colcon_core.package_identification:_identify(src/costmap_converter) by extension 'ignore'
[0.179s] Level 1:colcon.colcon_core.package_identification:_identify(src/costmap_converter) by extension 'ignore_ament_install'
[0.180s] Level 1:colcon.colcon_core.package_identification:_identify(src/costmap_converter) by extensions ['colcon_pkg']
[0.180s] Level 1:colcon.colcon_core.package_identification:_identify(src/costmap_converter) by extension 'colcon_pkg'
[0.180s] Level 1:colcon.colcon_core.package_identification:_identify(src/costmap_converter) by extensions ['colcon_meta']
[0.180s] Level 1:colcon.colcon_core.package_identification:_identify(src/costmap_converter) by extension 'colcon_meta'
[0.180s] Level 1:colcon.colcon_core.package_identification:_identify(src/costmap_converter) by extensions ['ros']
[0.180s] Level 1:colcon.colcon_core.package_identification:_identify(src/costmap_converter) by extension 'ros'
[0.180s] Level 1:colcon.colcon_core.package_identification:_identify(src/costmap_converter) by extensions ['cmake', 'python']
[0.180s] Level 1:colcon.colcon_core.package_identification:_identify(src/costmap_converter) by extension 'cmake'
[0.180s] Level 1:colcon.colcon_core.package_identification:_identify(src/costmap_converter) by extension 'python'
[0.180s] Level 1:colcon.colcon_core.package_identification:_identify(src/costmap_converter) by extensions ['python_setup_py']
[0.180s] Level 1:colcon.colcon_core.package_identification:_identify(src/costmap_converter) by extension 'python_setup_py'
[0.180s] Level 1:colcon.colcon_core.package_identification:_identify(src/costmap_converter/costmap_converter) by extensions ['ignore', 'ignore_ament_install']
[0.180s] Level 1:colcon.colcon_core.package_identification:_identify(src/costmap_converter/costmap_converter) by extension 'ignore'
[0.180s] Level 1:colcon.colcon_core.package_identification:_identify(src/costmap_converter/costmap_converter) by extension 'ignore_ament_install'
[0.180s] Level 1:colcon.colcon_core.package_identification:_identify(src/costmap_converter/costmap_converter) by extensions ['colcon_pkg']
[0.180s] Level 1:colcon.colcon_core.package_identification:_identify(src/costmap_converter/costmap_converter) by extension 'colcon_pkg'
[0.180s] Level 1:colcon.colcon_core.package_identification:_identify(src/costmap_converter/costmap_converter) by extensions ['colcon_meta']
[0.180s] Level 1:colcon.colcon_core.package_identification:_identify(src/costmap_converter/costmap_converter) by extension 'colcon_meta'
[0.180s] Level 1:colcon.colcon_core.package_identification:_identify(src/costmap_converter/costmap_converter) by extensions ['ros']
[0.180s] Level 1:colcon.colcon_core.package_identification:_identify(src/costmap_converter/costmap_converter) by extension 'ros'
[0.181s] DEBUG:colcon.colcon_core.package_identification:Package 'src/costmap_converter/costmap_converter' with type 'ros.ament_cmake' and name 'costmap_converter'
[0.181s] Level 1:colcon.colcon_core.package_identification:_identify(src/costmap_converter/costmap_converter_msgs) by extensions ['ignore', 'ignore_ament_install']
[0.181s] Level 1:colcon.colcon_core.package_identification:_identify(src/costmap_converter/costmap_converter_msgs) by extension 'ignore'
[0.181s] Level 1:colcon.colcon_core.package_identification:_identify(src/costmap_converter/costmap_converter_msgs) by extension 'ignore_ament_install'
[0.181s] Level 1:colcon.colcon_core.package_identification:_identify(src/costmap_converter/costmap_converter_msgs) by extensions ['colcon_pkg']
[0.181s] Level 1:colcon.colcon_core.package_identification:_identify(src/costmap_converter/costmap_converter_msgs) by extension 'colcon_pkg'
[0.181s] Level 1:colcon.colcon_core.package_identification:_identify(src/costmap_converter/costmap_converter_msgs) by extensions ['colcon_meta']
[0.181s] Level 1:colcon.colcon_core.package_identification:_identify(src/costmap_converter/costmap_converter_msgs) by extension 'colcon_meta'
[0.181s] Level 1:colcon.colcon_core.package_identification:_identify(src/costmap_converter/costmap_converter_msgs) by extensions ['ros']
[0.181s] Level 1:colcon.colcon_core.package_identification:_identify(src/costmap_converter/costmap_converter_msgs) by extension 'ros'
[0.181s] DEBUG:colcon.colcon_core.package_identification:Package 'src/costmap_converter/costmap_converter_msgs' with type 'ros.ament_cmake' and name 'costmap_converter_msgs'
[0.181s] Level 1:colcon.colcon_core.package_identification:_identify(src/fast_lio) by extensions ['ignore', 'ignore_ament_install']
[0.181s] Level 1:colcon.colcon_core.package_identification:_identify(src/fast_lio) by extension 'ignore'
[0.181s] Level 1:colcon.colcon_core.package_identification:_identify(src/fast_lio) by extension 'ignore_ament_install'
[0.181s] Level 1:colcon.colcon_core.package_identification:_identify(src/fast_lio) by extensions ['colcon_pkg']
[0.181s] Level 1:colcon.colcon_core.package_identification:_identify(src/fast_lio) by extension 'colcon_pkg'
[0.181s] Level 1:colcon.colcon_core.package_identification:_identify(src/fast_lio) by extensions ['colcon_meta']
[0.181s] Level 1:colcon.colcon_core.package_identification:_identify(src/fast_lio) by extension 'colcon_meta'
[0.181s] Level 1:colcon.colcon_core.package_identification:_identify(src/fast_lio) by extensions ['ros']
[0.181s] Level 1:colcon.colcon_core.package_identification:_identify(src/fast_lio) by extension 'ros'
[0.182s] DEBUG:colcon.colcon_core.package_identification:Package 'src/fast_lio' with type 'ros.ament_cmake' and name 'fast_lio'
[0.182s] Level 1:colcon.colcon_core.package_identification:_identify(src/livox_ros_driver2) by extensions ['ignore', 'ignore_ament_install']
[0.182s] Level 1:colcon.colcon_core.package_identification:_identify(src/livox_ros_driver2) by extension 'ignore'
[0.182s] Level 1:colcon.colcon_core.package_identification:_identify(src/livox_ros_driver2) by extension 'ignore_ament_install'
[0.182s] Level 1:colcon.colcon_core.package_identification:_identify(src/livox_ros_driver2) by extensions ['colcon_pkg']
[0.182s] Level 1:colcon.colcon_core.package_identification:_identify(src/livox_ros_driver2) by extension 'colcon_pkg'
[0.182s] Level 1:colcon.colcon_core.package_identification:_identify(src/livox_ros_driver2) by extensions ['colcon_meta']
[0.182s] Level 1:colcon.colcon_core.package_identification:_identify(src/livox_ros_driver2) by extension 'colcon_meta'
[0.182s] Level 1:colcon.colcon_core.package_identification:_identify(src/livox_ros_driver2) by extensions ['ros']
[0.182s] Level 1:colcon.colcon_core.package_identification:_identify(src/livox_ros_driver2) by extension 'ros'
[0.187s] DEBUG:colcon.colcon_core.package_identification:Package 'src/livox_ros_driver2' with type 'ros.ament_cmake' and name 'livox_ros_driver2'
[0.187s] Level 1:colcon.colcon_core.package_identification:_identify(src/ndt_omp_ros2) by extensions ['ignore', 'ignore_ament_install']
[0.187s] Level 1:colcon.colcon_core.package_identification:_identify(src/ndt_omp_ros2) by extension 'ignore'
[0.187s] Level 1:colcon.colcon_core.package_identification:_identify(src/ndt_omp_ros2) by extension 'ignore_ament_install'
[0.187s] Level 1:colcon.colcon_core.package_identification:_identify(src/ndt_omp_ros2) by extensions ['colcon_pkg']
[0.187s] Level 1:colcon.colcon_core.package_identification:_identify(src/ndt_omp_ros2) by extension 'colcon_pkg'
[0.187s] Level 1:colcon.colcon_core.package_identification:_identify(src/ndt_omp_ros2) by extensions ['colcon_meta']
[0.187s] Level 1:colcon.colcon_core.package_identification:_identify(src/ndt_omp_ros2) by extension 'colcon_meta'
[0.187s] Level 1:colcon.colcon_core.package_identification:_identify(src/ndt_omp_ros2) by extensions ['ros']
[0.187s] Level 1:colcon.colcon_core.package_identification:_identify(src/ndt_omp_ros2) by extension 'ros'
[0.187s] DEBUG:colcon.colcon_core.package_identification:Package 'src/ndt_omp_ros2' with type 'ros.ament_cmake' and name 'ndt_omp_ros2'
[0.187s] Level 1:colcon.colcon_core.package_identification:_identify(src/open3d_loc) by extensions ['ignore', 'ignore_ament_install']
[0.187s] Level 1:colcon.colcon_core.package_identification:_identify(src/open3d_loc) by extension 'ignore'
[0.187s] Level 1:colcon.colcon_core.package_identification:_identify(src/open3d_loc) by extension 'ignore_ament_install'
[0.187s] Level 1:colcon.colcon_core.package_identification:_identify(src/open3d_loc) by extensions ['colcon_pkg']
[0.187s] Level 1:colcon.colcon_core.package_identification:_identify(src/open3d_loc) by extension 'colcon_pkg'
[0.187s] Level 1:colcon.colcon_core.package_identification:_identify(src/open3d_loc) by extensions ['colcon_meta']
[0.187s] Level 1:colcon.colcon_core.package_identification:_identify(src/open3d_loc) by extension 'colcon_meta'
[0.187s] Level 1:colcon.colcon_core.package_identification:_identify(src/open3d_loc) by extensions ['ros']
[0.187s] Level 1:colcon.colcon_core.package_identification:_identify(src/open3d_loc) by extension 'ros'
[0.188s] DEBUG:colcon.colcon_core.package_identification:Package 'src/open3d_loc' with type 'ros.ament_cmake' and name 'open3d_loc'
[0.188s] Level 1:colcon.colcon_core.package_identification:_identify(src/point_lio) by extensions ['ignore', 'ignore_ament_install']
[0.188s] Level 1:colcon.colcon_core.package_identification:_identify(src/point_lio) by extension 'ignore'
[0.188s] Level 1:colcon.colcon_core.package_identification:_identify(src/point_lio) by extension 'ignore_ament_install'
[0.188s] Level 1:colcon.colcon_core.package_identification:_identify(src/point_lio) by extensions ['colcon_pkg']
[0.188s] Level 1:colcon.colcon_core.package_identification:_identify(src/point_lio) by extension 'colcon_pkg'
[0.189s] Level 1:colcon.colcon_core.package_identification:_identify(src/point_lio) by extensions ['colcon_meta']
[0.189s] Level 1:colcon.colcon_core.package_identification:_identify(src/point_lio) by extension 'colcon_meta'
[0.189s] Level 1:colcon.colcon_core.package_identification:_identify(src/point_lio) by extensions ['ros']
[0.189s] Level 1:colcon.colcon_core.package_identification:_identify(src/point_lio) by extension 'ros'
[0.189s] DEBUG:colcon.colcon_core.package_identification:Package 'src/point_lio' with type 'ros.ament_cmake' and name 'point_lio'
[0.189s] Level 1:colcon.colcon_core.package_identification:_identify(src/pointcloud_to_laserscan) by extensions ['ignore', 'ignore_ament_install']
[0.189s] Level 1:colcon.colcon_core.package_identification:_identify(src/pointcloud_to_laserscan) by extension 'ignore'
[0.189s] Level 1:colcon.colcon_core.package_identification:_identify(src/pointcloud_to_laserscan) by extension 'ignore_ament_install'
[0.189s] Level 1:colcon.colcon_core.package_identification:_identify(src/pointcloud_to_laserscan) by extensions ['colcon_pkg']
[0.189s] Level 1:colcon.colcon_core.package_identification:_identify(src/pointcloud_to_laserscan) by extension 'colcon_pkg'
[0.189s] Level 1:colcon.colcon_core.package_identification:_identify(src/pointcloud_to_laserscan) by extensions ['colcon_meta']
[0.189s] Level 1:colcon.colcon_core.package_identification:_identify(src/pointcloud_to_laserscan) by extension 'colcon_meta'
[0.189s] Level 1:colcon.colcon_core.package_identification:_identify(src/pointcloud_to_laserscan) by extensions ['ros']
[0.189s] Level 1:colcon.colcon_core.package_identification:_identify(src/pointcloud_to_laserscan) by extension 'ros'
[0.190s] DEBUG:colcon.colcon_core.package_identification:Package 'src/pointcloud_to_laserscan' with type 'ros.ament_cmake' and name 'pointcloud_to_laserscan'
[0.190s] Level 1:colcon.colcon_core.package_identification:_identify(src/r2_mode1_bt_tree) by extensions ['ignore', 'ignore_ament_install']
[0.190s] Level 1:colcon.colcon_core.package_identification:_identify(src/r2_mode1_bt_tree) by extension 'ignore'
[0.190s] Level 1:colcon.colcon_core.package_identification:_identify(src/r2_mode1_bt_tree) by extension 'ignore_ament_install'
[0.190s] Level 1:colcon.colcon_core.package_identification:_identify(src/r2_mode1_bt_tree) by extensions ['colcon_pkg']
[0.190s] Level 1:colcon.colcon_core.package_identification:_identify(src/r2_mode1_bt_tree) by extension 'colcon_pkg'
[0.190s] Level 1:colcon.colcon_core.package_identification:_identify(src/r2_mode1_bt_tree) by extensions ['colcon_meta']
[0.190s] Level 1:colcon.colcon_core.package_identification:_identify(src/r2_mode1_bt_tree) by extension 'colcon_meta'
[0.190s] Level 1:colcon.colcon_core.package_identification:_identify(src/r2_mode1_bt_tree) by extensions ['ros']
[0.190s] Level 1:colcon.colcon_core.package_identification:_identify(src/r2_mode1_bt_tree) by extension 'ros'
[0.191s] DEBUG:colcon.colcon_core.package_identification:Package 'src/r2_mode1_bt_tree' with type 'ros.ament_cmake' and name 'r2_mode1_bt'
[0.191s] Level 1:colcon.colcon_core.package_identification:_identify(src/rc_bringup) by extensions ['ignore', 'ignore_ament_install']
[0.191s] Level 1:colcon.colcon_core.package_identification:_identify(src/rc_bringup) by extension 'ignore'
[0.191s] Level 1:colcon.colcon_core.package_identification:_identify(src/rc_bringup) by extension 'ignore_ament_install'
[0.191s] Level 1:colcon.colcon_core.package_identification:_identify(src/rc_bringup) by extensions ['colcon_pkg']
[0.191s] Level 1:colcon.colcon_core.package_identification:_identify(src/rc_bringup) by extension 'colcon_pkg'
[0.191s] Level 1:colcon.colcon_core.package_identification:_identify(src/rc_bringup) by extensions ['colcon_meta']
[0.191s] Level 1:colcon.colcon_core.package_identification:_identify(src/rc_bringup) by extension 'colcon_meta'
[0.191s] Level 1:colcon.colcon_core.package_identification:_identify(src/rc_bringup) by extensions ['ros']
[0.191s] Level 1:colcon.colcon_core.package_identification:_identify(src/rc_bringup) by extension 'ros'
[0.191s] DEBUG:colcon.colcon_core.package_identification:Package 'src/rc_bringup' with type 'ros.ament_cmake' and name 'rc_bringup'
[0.191s] Level 1:colcon.colcon_core.package_identification:_identify(src/rc_serial) by extensions ['ignore', 'ignore_ament_install']
[0.191s] Level 1:colcon.colcon_core.package_identification:_identify(src/rc_serial) by extension 'ignore'
[0.191s] Level 1:colcon.colcon_core.package_identification:_identify(src/rc_serial) by extension 'ignore_ament_install'
[0.191s] Level 1:colcon.colcon_core.package_identification:_identify(src/rc_serial) by extensions ['colcon_pkg']
[0.192s] Level 1:colcon.colcon_core.package_identification:_identify(src/rc_serial) by extension 'colcon_pkg'
[0.192s] Level 1:colcon.colcon_core.package_identification:_identify(src/rc_serial) by extensions ['colcon_meta']
[0.192s] Level 1:colcon.colcon_core.package_identification:_identify(src/rc_serial) by extension 'colcon_meta'
[0.192s] Level 1:colcon.colcon_core.package_identification:_identify(src/rc_serial) by extensions ['ros']
[0.192s] Level 1:colcon.colcon_core.package_identification:_identify(src/rc_serial) by extension 'ros'
[0.192s] DEBUG:colcon.colcon_core.package_identification:Package 'src/rc_serial' with type 'ros.ament_cmake' and name 'rc_serial'
[0.192s] Level 1:colcon.colcon_core.package_identification:_identify(src/run_keyboard_test) by extensions ['ignore', 'ignore_ament_install']
[0.192s] Level 1:colcon.colcon_core.package_identification:_identify(src/run_keyboard_test) by extension 'ignore'
[0.192s] Level 1:colcon.colcon_core.package_identification:_identify(src/run_keyboard_test) by extension 'ignore_ament_install'
[0.192s] Level 1:colcon.colcon_core.package_identification:_identify(src/run_keyboard_test) by extensions ['colcon_pkg']
[0.192s] Level 1:colcon.colcon_core.package_identification:_identify(src/run_keyboard_test) by extension 'colcon_pkg'
[0.192s] Level 1:colcon.colcon_core.package_identification:_identify(src/run_keyboard_test) by extensions ['colcon_meta']
[0.192s] Level 1:colcon.colcon_core.package_identification:_identify(src/run_keyboard_test) by extension 'colcon_meta'
[0.192s] Level 1:colcon.colcon_core.package_identification:_identify(src/run_keyboard_test) by extensions ['ros']
[0.192s] Level 1:colcon.colcon_core.package_identification:_identify(src/run_keyboard_test) by extension 'ros'
[0.192s] DEBUG:colcon.colcon_core.package_identification:Package 'src/run_keyboard_test' with type 'ros.ament_python' and name 'run_keyboard_test'
[0.193s] Level 1:colcon.colcon_core.package_identification:_identify(src/stm32_driver) by extensions ['ignore', 'ignore_ament_install']
[0.193s] Level 1:colcon.colcon_core.package_identification:_identify(src/stm32_driver) by extension 'ignore'
[0.193s] Level 1:colcon.colcon_core.package_identification:_identify(src/stm32_driver) by extension 'ignore_ament_install'
[0.193s] Level 1:colcon.colcon_core.package_identification:_identify(src/stm32_driver) by extensions ['colcon_pkg']
[0.193s] Level 1:colcon.colcon_core.package_identification:_identify(src/stm32_driver) by extension 'colcon_pkg'
[0.193s] Level 1:colcon.colcon_core.package_identification:_identify(src/stm32_driver) by extensions ['colcon_meta']
[0.193s] Level 1:colcon.colcon_core.package_identification:_identify(src/stm32_driver) by extension 'colcon_meta'
[0.193s] Level 1:colcon.colcon_core.package_identification:_identify(src/stm32_driver) by extensions ['ros']
[0.193s] Level 1:colcon.colcon_core.package_identification:_identify(src/stm32_driver) by extension 'ros'
[0.193s] DEBUG:colcon.colcon_core.package_identification:Package 'src/stm32_driver' with type 'ros.ament_python' and name 'stm32_driver'
[0.193s] Level 1:colcon.colcon_core.package_identification:_identify(src/teb_local_planner) by extensions ['ignore', 'ignore_ament_install']
[0.193s] Level 1:colcon.colcon_core.package_identification:_identify(src/teb_local_planner) by extension 'ignore'
[0.193s] Level 1:colcon.colcon_core.package_identification:_identify(src/teb_local_planner) by extension 'ignore_ament_install'
[0.193s] Level 1:colcon.colcon_core.package_identification:_identify(src/teb_local_planner) by extensions ['colcon_pkg']
[0.193s] Level 1:colcon.colcon_core.package_identification:_identify(src/teb_local_planner) by extension 'colcon_pkg'
[0.193s] Level 1:colcon.colcon_core.package_identification:_identify(src/teb_local_planner) by extensions ['colcon_meta']
[0.193s] Level 1:colcon.colcon_core.package_identification:_identify(src/teb_local_planner) by extension 'colcon_meta'
[0.193s] Level 1:colcon.colcon_core.package_identification:_identify(src/teb_local_planner) by extensions ['ros']
[0.193s] Level 1:colcon.colcon_core.package_identification:_identify(src/teb_local_planner) by extension 'ros'
[0.193s] Level 1:colcon.colcon_core.package_identification:_identify(src/teb_local_planner) by extensions ['cmake', 'python']
[0.193s] Level 1:colcon.colcon_core.package_identification:_identify(src/teb_local_planner) by extension 'cmake'
[0.193s] Level 1:colcon.colcon_core.package_identification:_identify(src/teb_local_planner) by extension 'python'
[0.193s] Level 1:colcon.colcon_core.package_identification:_identify(src/teb_local_planner) by extensions ['python_setup_py']
[0.193s] Level 1:colcon.colcon_core.package_identification:_identify(src/teb_local_planner) by extension 'python_setup_py'
[0.194s] Level 1:colcon.colcon_core.package_identification:_identify(src/teb_local_planner/teb_local_planner) by extensions ['ignore', 'ignore_ament_install']
[0.194s] Level 1:colcon.colcon_core.package_identification:_identify(src/teb_local_planner/teb_local_planner) by extension 'ignore'
[0.194s] Level 1:colcon.colcon_core.package_identification:_identify(src/teb_local_planner/teb_local_planner) by extension 'ignore_ament_install'
[0.194s] Level 1:colcon.colcon_core.package_identification:_identify(src/teb_local_planner/teb_local_planner) by extensions ['colcon_pkg']
[0.194s] Level 1:colcon.colcon_core.package_identification:_identify(src/teb_local_planner/teb_local_planner) by extension 'colcon_pkg'
[0.194s] Level 1:colcon.colcon_core.package_identification:_identify(src/teb_local_planner/teb_local_planner) by extensions ['colcon_meta']
[0.194s] Level 1:colcon.colcon_core.package_identification:_identify(src/teb_local_planner/teb_local_planner) by extension 'colcon_meta'
[0.194s] Level 1:colcon.colcon_core.package_identification:_identify(src/teb_local_planner/teb_local_planner) by extensions ['ros']
[0.194s] Level 1:colcon.colcon_core.package_identification:_identify(src/teb_local_planner/teb_local_planner) by extension 'ros'
[0.195s] DEBUG:colcon.colcon_core.package_identification:Package 'src/teb_local_planner/teb_local_planner' with type 'ros.ament_cmake' and name 'teb_local_planner'
[0.195s] Level 1:colcon.colcon_core.package_identification:_identify(src/teb_local_planner/teb_msgs) by extensions ['ignore', 'ignore_ament_install']
[0.195s] Level 1:colcon.colcon_core.package_identification:_identify(src/teb_local_planner/teb_msgs) by extension 'ignore'
[0.195s] Level 1:colcon.colcon_core.package_identification:_identify(src/teb_local_planner/teb_msgs) by extension 'ignore_ament_install'
[0.195s] Level 1:colcon.colcon_core.package_identification:_identify(src/teb_local_planner/teb_msgs) by extensions ['colcon_pkg']
[0.195s] Level 1:colcon.colcon_core.package_identification:_identify(src/teb_local_planner/teb_msgs) by extension 'colcon_pkg'
[0.195s] Level 1:colcon.colcon_core.package_identification:_identify(src/teb_local_planner/teb_msgs) by extensions ['colcon_meta']
[0.195s] Level 1:colcon.colcon_core.package_identification:_identify(src/teb_local_planner/teb_msgs) by extension 'colcon_meta'
[0.195s] Level 1:colcon.colcon_core.package_identification:_identify(src/teb_local_planner/teb_msgs) by extensions ['ros']
[0.195s] Level 1:colcon.colcon_core.package_identification:_identify(src/teb_local_planner/teb_msgs) by extension 'ros'
[0.195s] DEBUG:colcon.colcon_core.package_identification:Package 'src/teb_local_planner/teb_msgs' with type 'ros.ament_cmake' and name 'teb_msgs'
[0.195s] Level 1:colcon.colcon_core.package_identification:_identify(tools) by extensions ['ignore', 'ignore_ament_install']
[0.195s] Level 1:colcon.colcon_core.package_identification:_identify(tools) by extension 'ignore'
[0.195s] Level 1:colcon.colcon_core.package_identification:_identify(tools) by extension 'ignore_ament_install'
[0.195s] Level 1:colcon.colcon_core.package_identification:_identify(tools) by extensions ['colcon_pkg']
[0.195s] Level 1:colcon.colcon_core.package_identification:_identify(tools) by extension 'colcon_pkg'
[0.195s] Level 1:colcon.colcon_core.package_identification:_identify(tools) by extensions ['colcon_meta']
[0.195s] Level 1:colcon.colcon_core.package_identification:_identify(tools) by extension 'colcon_meta'
[0.195s] Level 1:colcon.colcon_core.package_identification:_identify(tools) by extensions ['ros']
[0.195s] Level 1:colcon.colcon_core.package_identification:_identify(tools) by extension 'ros'
[0.195s] Level 1:colcon.colcon_core.package_identification:_identify(tools) by extensions ['cmake', 'python']
[0.195s] Level 1:colcon.colcon_core.package_identification:_identify(tools) by extension 'cmake'
[0.195s] Level 1:colcon.colcon_core.package_identification:_identify(tools) by extension 'python'
[0.195s] Level 1:colcon.colcon_core.package_identification:_identify(tools) by extensions ['python_setup_py']
[0.195s] Level 1:colcon.colcon_core.package_identification:_identify(tools) by extension 'python_setup_py'
[0.195s] Level 1:colcon.colcon_core.package_discovery:discover_packages(recursive) using defaults
[0.195s] Level 1:colcon.colcon_core.package_discovery:discover_packages(ignore) discover
[0.195s] Level 1:colcon.colcon_core.package_discovery:discover_packages(ignore) using defaults
[0.195s] Level 1:colcon.colcon_core.package_discovery:discover_packages(path) discover
[0.195s] Level 1:colcon.colcon_core.package_discovery:discover_packages(path) using defaults
[0.209s] Level 1:colcon.colcon_core.package_discovery:discover_packages(prefix_path) check parameters
[0.209s] Level 1:colcon.colcon_core.package_discovery:discover_packages(prefix_path) discover
[0.210s] DEBUG:colcon.colcon_installed_package_information.package_discovery:Found 389 installed packages in /opt/ros/humble
[0.211s] Level 1:colcon.colcon_core.package_discovery:discover_packages(prefix_path) using defaults
[0.240s] Level 5:colcon.colcon_core.verb:set package 'arm-new23' build argument 'cmake_args' from command line to 'None'
[0.240s] Level 5:colcon.colcon_core.verb:set package 'arm-new23' build argument 'cmake_target' from command line to 'None'
[0.240s] Level 5:colcon.colcon_core.verb:set package 'arm-new23' build argument 'cmake_target_skip_unavailable' from command line to 'False'
[0.240s] Level 5:colcon.colcon_core.verb:set package 'arm-new23' build argument 'cmake_clean_cache' from command line to 'False'
[0.240s] Level 5:colcon.colcon_core.verb:set package 'arm-new23' build argument 'cmake_clean_first' from command line to 'False'
[0.240s] Level 5:colcon.colcon_core.verb:set package 'arm-new23' build argument 'cmake_force_configure' from command line to 'False'
[0.240s] Level 5:colcon.colcon_core.verb:set package 'arm-new23' build argument 'ament_cmake_args' from command line to 'None'
[0.240s] Level 5:colcon.colcon_core.verb:set package 'arm-new23' build argument 'catkin_cmake_args' from command line to 'None'
[0.240s] Level 5:colcon.colcon_core.verb:set package 'arm-new23' build argument 'catkin_skip_building_tests' from command line to 'False'
[0.240s] DEBUG:colcon.colcon_core.verb:Building package 'arm-new23' with the following arguments: {'ament_cmake_args': None, 'build_base': '/home/dgut/code/Nazarite/build/arm-new23', 'catkin_cmake_args': None, 'catkin_skip_building_tests': False, 'cmake_args': None, 'cmake_clean_cache': False, 'cmake_clean_first': False, 'cmake_force_configure': False, 'cmake_target': None, 'cmake_target_skip_unavailable': False, 'install_base': '/home/dgut/code/Nazarite/install/arm-new23', 'merge_install': False, 'path': '/home/dgut/code/Nazarite/src/arm-new23', 'symlink_install': True, 'test_result_base': None}
[0.240s] Level 5:colcon.colcon_core.verb:set package 'costmap_converter_msgs' build argument 'cmake_args' from command line to 'None'
[0.240s] Level 5:colcon.colcon_core.verb:set package 'costmap_converter_msgs' build argument 'cmake_target' from command line to 'None'
[0.240s] Level 5:colcon.colcon_core.verb:set package 'costmap_converter_msgs' build argument 'cmake_target_skip_unavailable' from command line to 'False'
[0.240s] Level 5:colcon.colcon_core.verb:set package 'costmap_converter_msgs' build argument 'cmake_clean_cache' from command line to 'False'
[0.240s] Level 5:colcon.colcon_core.verb:set package 'costmap_converter_msgs' build argument 'cmake_clean_first' from command line to 'False'
[0.240s] Level 5:colcon.colcon_core.verb:set package 'costmap_converter_msgs' build argument 'cmake_force_configure' from command line to 'False'
[0.240s] Level 5:colcon.colcon_core.verb:set package 'costmap_converter_msgs' build argument 'ament_cmake_args' from command line to 'None'
[0.240s] Level 5:colcon.colcon_core.verb:set package 'costmap_converter_msgs' build argument 'catkin_cmake_args' from command line to 'None'
[0.240s] Level 5:colcon.colcon_core.verb:set package 'costmap_converter_msgs' build argument 'catkin_skip_building_tests' from command line to 'False'
[0.240s] DEBUG:colcon.colcon_core.verb:Building package 'costmap_converter_msgs' with the following arguments: {'ament_cmake_args': None, 'build_base': '/home/dgut/code/Nazarite/build/costmap_converter_msgs', 'catkin_cmake_args': None, 'catkin_skip_building_tests': False, 'cmake_args': None, 'cmake_clean_cache': False, 'cmake_clean_first': False, 'cmake_force_configure': False, 'cmake_target': None, 'cmake_target_skip_unavailable': False, 'install_base': '/home/dgut/code/Nazarite/install/costmap_converter_msgs', 'merge_install': False, 'path': '/home/dgut/code/Nazarite/src/costmap_converter/costmap_converter_msgs', 'symlink_install': True, 'test_result_base': None}
[0.240s] Level 5:colcon.colcon_core.verb:set package 'livox_ros_driver2' build argument 'cmake_args' from command line to 'None'
[0.240s] Level 5:colcon.colcon_core.verb:set package 'livox_ros_driver2' build argument 'cmake_target' from command line to 'None'
[0.240s] Level 5:colcon.colcon_core.verb:set package 'livox_ros_driver2' build argument 'cmake_target_skip_unavailable' from command line to 'False'
[0.240s] Level 5:colcon.colcon_core.verb:set package 'livox_ros_driver2' build argument 'cmake_clean_cache' from command line to 'False'
[0.240s] Level 5:colcon.colcon_core.verb:set package 'livox_ros_driver2' build argument 'cmake_clean_first' from command line to 'False'
[0.241s] Level 5:colcon.colcon_core.verb:set package 'livox_ros_driver2' build argument 'cmake_force_configure' from command line to 'False'
[0.241s] Level 5:colcon.colcon_core.verb:set package 'livox_ros_driver2' build argument 'ament_cmake_args' from command line to 'None'
[0.241s] Level 5:colcon.colcon_core.verb:set package 'livox_ros_driver2' build argument 'catkin_cmake_args' from command line to 'None'
[0.241s] Level 5:colcon.colcon_core.verb:set package 'livox_ros_driver2' build argument 'catkin_skip_building_tests' from command line to 'False'
[0.241s] DEBUG:colcon.colcon_core.verb:Building package 'livox_ros_driver2' with the following arguments: {'ament_cmake_args': None, 'build_base': '/home/dgut/code/Nazarite/build/livox_ros_driver2', 'catkin_cmake_args': None, 'catkin_skip_building_tests': False, 'cmake_args': None, 'cmake_clean_cache': False, 'cmake_clean_first': False, 'cmake_force_configure': False, 'cmake_target': None, 'cmake_target_skip_unavailable': False, 'install_base': '/home/dgut/code/Nazarite/install/livox_ros_driver2', 'merge_install': False, 'path': '/home/dgut/code/Nazarite/src/livox_ros_driver2', 'symlink_install': True, 'test_result_base': None}
[0.241s] Level 5:colcon.colcon_core.verb:set package 'ndt_omp_ros2' build argument 'cmake_args' from command line to 'None'
[0.241s] Level 5:colcon.colcon_core.verb:set package 'ndt_omp_ros2' build argument 'cmake_target' from command line to 'None'
[0.241s] Level 5:colcon.colcon_core.verb:set package 'ndt_omp_ros2' build argument 'cmake_target_skip_unavailable' from command line to 'False'
[0.241s] Level 5:colcon.colcon_core.verb:set package 'ndt_omp_ros2' build argument 'cmake_clean_cache' from command line to 'False'
[0.241s] Level 5:colcon.colcon_core.verb:set package 'ndt_omp_ros2' build argument 'cmake_clean_first' from command line to 'False'
[0.241s] Level 5:colcon.colcon_core.verb:set package 'ndt_omp_ros2' build argument 'cmake_force_configure' from command line to 'False'
[0.241s] Level 5:colcon.colcon_core.verb:set package 'ndt_omp_ros2' build argument 'ament_cmake_args' from command line to 'None'
[0.241s] Level 5:colcon.colcon_core.verb:set package 'ndt_omp_ros2' build argument 'catkin_cmake_args' from command line to 'None'
[0.241s] Level 5:colcon.colcon_core.verb:set package 'ndt_omp_ros2' build argument 'catkin_skip_building_tests' from command line to 'False'
[0.241s] DEBUG:colcon.colcon_core.verb:Building package 'ndt_omp_ros2' with the following arguments: {'ament_cmake_args': None, 'build_base': '/home/dgut/code/Nazarite/build/ndt_omp_ros2', 'catkin_cmake_args': None, 'catkin_skip_building_tests': False, 'cmake_args': None, 'cmake_clean_cache': False, 'cmake_clean_first': False, 'cmake_force_configure': False, 'cmake_target': None, 'cmake_target_skip_unavailable': False, 'install_base': '/home/dgut/code/Nazarite/install/ndt_omp_ros2', 'merge_install': False, 'path': '/home/dgut/code/Nazarite/src/ndt_omp_ros2', 'symlink_install': True, 'test_result_base': None}
[0.241s] Level 5:colcon.colcon_core.verb:set package 'open3d_loc' build argument 'cmake_args' from command line to 'None'
[0.241s] Level 5:colcon.colcon_core.verb:set package 'open3d_loc' build argument 'cmake_target' from command line to 'None'
[0.241s] Level 5:colcon.colcon_core.verb:set package 'open3d_loc' build argument 'cmake_target_skip_unavailable' from command line to 'False'
[0.241s] Level 5:colcon.colcon_core.verb:set package 'open3d_loc' build argument 'cmake_clean_cache' from command line to 'False'
[0.241s] Level 5:colcon.colcon_core.verb:set package 'open3d_loc' build argument 'cmake_clean_first' from command line to 'False'
[0.241s] Level 5:colcon.colcon_core.verb:set package 'open3d_loc' build argument 'cmake_force_configure' from command line to 'False'
[0.241s] Level 5:colcon.colcon_core.verb:set package 'open3d_loc' build argument 'ament_cmake_args' from command line to 'None'
[0.241s] Level 5:colcon.colcon_core.verb:set package 'open3d_loc' build argument 'catkin_cmake_args' from command line to 'None'
[0.241s] Level 5:colcon.colcon_core.verb:set package 'open3d_loc' build argument 'catkin_skip_building_tests' from command line to 'False'
[0.241s] DEBUG:colcon.colcon_core.verb:Building package 'open3d_loc' with the following arguments: {'ament_cmake_args': None, 'build_base': '/home/dgut/code/Nazarite/build/open3d_loc', 'catkin_cmake_args': None, 'catkin_skip_building_tests': False, 'cmake_args': None, 'cmake_clean_cache': False, 'cmake_clean_first': False, 'cmake_force_configure': False, 'cmake_target': None, 'cmake_target_skip_unavailable': False, 'install_base': '/home/dgut/code/Nazarite/install/open3d_loc', 'merge_install': False, 'path': '/home/dgut/code/Nazarite/src/open3d_loc', 'symlink_install': True, 'test_result_base': None}
[0.241s] Level 5:colcon.colcon_core.verb:set package 'pointcloud_to_laserscan' build argument 'cmake_args' from command line to 'None'
[0.241s] Level 5:colcon.colcon_core.verb:set package 'pointcloud_to_laserscan' build argument 'cmake_target' from command line to 'None'
[0.241s] Level 5:colcon.colcon_core.verb:set package 'pointcloud_to_laserscan' build argument 'cmake_target_skip_unavailable' from command line to 'False'
[0.241s] Level 5:colcon.colcon_core.verb:set package 'pointcloud_to_laserscan' build argument 'cmake_clean_cache' from command line to 'False'
[0.241s] Level 5:colcon.colcon_core.verb:set package 'pointcloud_to_laserscan' build argument 'cmake_clean_first' from command line to 'False'
[0.241s] Level 5:colcon.colcon_core.verb:set package 'pointcloud_to_laserscan' build argument 'cmake_force_configure' from command line to 'False'
[0.241s] Level 5:colcon.colcon_core.verb:set package 'pointcloud_to_laserscan' build argument 'ament_cmake_args' from command line to 'None'
[0.241s] Level 5:colcon.colcon_core.verb:set package 'pointcloud_to_laserscan' build argument 'catkin_cmake_args' from command line to 'None'
[0.241s] Level 5:colcon.colcon_core.verb:set package 'pointcloud_to_laserscan' build argument 'catkin_skip_building_tests' from command line to 'False'
[0.241s] DEBUG:colcon.colcon_core.verb:Building package 'pointcloud_to_laserscan' with the following arguments: {'ament_cmake_args': None, 'build_base': '/home/dgut/code/Nazarite/build/pointcloud_to_laserscan', 'catkin_cmake_args': None, 'catkin_skip_building_tests': False, 'cmake_args': None, 'cmake_clean_cache': False, 'cmake_clean_first': False, 'cmake_force_configure': False, 'cmake_target': None, 'cmake_target_skip_unavailable': False, 'install_base': '/home/dgut/code/Nazarite/install/pointcloud_to_laserscan', 'merge_install': False, 'path': '/home/dgut/code/Nazarite/src/pointcloud_to_laserscan', 'symlink_install': True, 'test_result_base': None}
[0.241s] Level 5:colcon.colcon_core.verb:set package 'r2_mode1_bt' build argument 'cmake_args' from command line to 'None'
[0.241s] Level 5:colcon.colcon_core.verb:set package 'r2_mode1_bt' build argument 'cmake_target' from command line to 'None'
[0.241s] Level 5:colcon.colcon_core.verb:set package 'r2_mode1_bt' build argument 'cmake_target_skip_unavailable' from command line to 'False'
[0.242s] Level 5:colcon.colcon_core.verb:set package 'r2_mode1_bt' build argument 'cmake_clean_cache' from command line to 'False'
[0.242s] Level 5:colcon.colcon_core.verb:set package 'r2_mode1_bt' build argument 'cmake_clean_first' from command line to 'False'
[0.242s] Level 5:colcon.colcon_core.verb:set package 'r2_mode1_bt' build argument 'cmake_force_configure' from command line to 'False'
[0.242s] Level 5:colcon.colcon_core.verb:set package 'r2_mode1_bt' build argument 'ament_cmake_args' from command line to 'None'
[0.242s] Level 5:colcon.colcon_core.verb:set package 'r2_mode1_bt' build argument 'catkin_cmake_args' from command line to 'None'
[0.242s] Level 5:colcon.colcon_core.verb:set package 'r2_mode1_bt' build argument 'catkin_skip_building_tests' from command line to 'False'
[0.242s] DEBUG:colcon.colcon_core.verb:Building package 'r2_mode1_bt' with the following arguments: {'ament_cmake_args': None, 'build_base': '/home/dgut/code/Nazarite/build/r2_mode1_bt', 'catkin_cmake_args': None, 'catkin_skip_building_tests': False, 'cmake_args': None, 'cmake_clean_cache': False, 'cmake_clean_first': False, 'cmake_force_configure': False, 'cmake_target': None, 'cmake_target_skip_unavailable': False, 'install_base': '/home/dgut/code/Nazarite/install/r2_mode1_bt', 'merge_install': False, 'path': '/home/dgut/code/Nazarite/src/r2_mode1_bt_tree', 'symlink_install': True, 'test_result_base': None}
[0.242s] Level 5:colcon.colcon_core.verb:set package 'rc_bringup' build argument 'cmake_args' from command line to 'None'
[0.242s] Level 5:colcon.colcon_core.verb:set package 'rc_bringup' build argument 'cmake_target' from command line to 'None'
[0.242s] Level 5:colcon.colcon_core.verb:set package 'rc_bringup' build argument 'cmake_target_skip_unavailable' from command line to 'False'
[0.242s] Level 5:colcon.colcon_core.verb:set package 'rc_bringup' build argument 'cmake_clean_cache' from command line to 'False'
[0.242s] Level 5:colcon.colcon_core.verb:set package 'rc_bringup' build argument 'cmake_clean_first' from command line to 'False'
[0.242s] Level 5:colcon.colcon_core.verb:set package 'rc_bringup' build argument 'cmake_force_configure' from command line to 'False'
[0.242s] Level 5:colcon.colcon_core.verb:set package 'rc_bringup' build argument 'ament_cmake_args' from command line to 'None'
[0.242s] Level 5:colcon.colcon_core.verb:set package 'rc_bringup' build argument 'catkin_cmake_args' from command line to 'None'
[0.242s] Level 5:colcon.colcon_core.verb:set package 'rc_bringup' build argument 'catkin_skip_building_tests' from command line to 'False'
[0.242s] DEBUG:colcon.colcon_core.verb:Building package 'rc_bringup' with the following arguments: {'ament_cmake_args': None, 'build_base': '/home/dgut/code/Nazarite/build/rc_bringup', 'catkin_cmake_args': None, 'catkin_skip_building_tests': False, 'cmake_args': None, 'cmake_clean_cache': False, 'cmake_clean_first': False, 'cmake_force_configure': False, 'cmake_target': None, 'cmake_target_skip_unavailable': False, 'install_base': '/home/dgut/code/Nazarite/install/rc_bringup', 'merge_install': False, 'path': '/home/dgut/code/Nazarite/src/rc_bringup', 'symlink_install': True, 'test_result_base': None}
[0.242s] Level 5:colcon.colcon_core.verb:set package 'rc_serial' build argument 'cmake_args' from command line to 'None'
[0.242s] Level 5:colcon.colcon_core.verb:set package 'rc_serial' build argument 'cmake_target' from command line to 'None'
[0.242s] Level 5:colcon.colcon_core.verb:set package 'rc_serial' build argument 'cmake_target_skip_unavailable' from command line to 'False'
[0.242s] Level 5:colcon.colcon_core.verb:set package 'rc_serial' build argument 'cmake_clean_cache' from command line to 'False'
[0.242s] Level 5:colcon.colcon_core.verb:set package 'rc_serial' build argument 'cmake_clean_first' from command line to 'False'
[0.242s] Level 5:colcon.colcon_core.verb:set package 'rc_serial' build argument 'cmake_force_configure' from command line to 'False'
[0.242s] Level 5:colcon.colcon_core.verb:set package 'rc_serial' build argument 'ament_cmake_args' from command line to 'None'
[0.242s] Level 5:colcon.colcon_core.verb:set package 'rc_serial' build argument 'catkin_cmake_args' from command line to 'None'
[0.242s] Level 5:colcon.colcon_core.verb:set package 'rc_serial' build argument 'catkin_skip_building_tests' from command line to 'False'
[0.242s] DEBUG:colcon.colcon_core.verb:Building package 'rc_serial' with the following arguments: {'ament_cmake_args': None, 'build_base': '/home/dgut/code/Nazarite/build/rc_serial', 'catkin_cmake_args': None, 'catkin_skip_building_tests': False, 'cmake_args': None, 'cmake_clean_cache': False, 'cmake_clean_first': False, 'cmake_force_configure': False, 'cmake_target': None, 'cmake_target_skip_unavailable': False, 'install_base': '/home/dgut/code/Nazarite/install/rc_serial', 'merge_install': False, 'path': '/home/dgut/code/Nazarite/src/rc_serial', 'symlink_install': True, 'test_result_base': None}
[0.242s] Level 5:colcon.colcon_core.verb:set package 'run_keyboard_test' build argument 'cmake_args' from command line to 'None'
[0.242s] Level 5:colcon.colcon_core.verb:set package 'run_keyboard_test' build argument 'cmake_target' from command line to 'None'
[0.242s] Level 5:colcon.colcon_core.verb:set package 'run_keyboard_test' build argument 'cmake_target_skip_unavailable' from command line to 'False'
[0.242s] Level 5:colcon.colcon_core.verb:set package 'run_keyboard_test' build argument 'cmake_clean_cache' from command line to 'False'
[0.242s] Level 5:colcon.colcon_core.verb:set package 'run_keyboard_test' build argument 'cmake_clean_first' from command line to 'False'
[0.242s] Level 5:colcon.colcon_core.verb:set package 'run_keyboard_test' build argument 'cmake_force_configure' from command line to 'False'
[0.242s] Level 5:colcon.colcon_core.verb:set package 'run_keyboard_test' build argument 'ament_cmake_args' from command line to 'None'
[0.242s] Level 5:colcon.colcon_core.verb:set package 'run_keyboard_test' build argument 'catkin_cmake_args' from command line to 'None'
[0.242s] Level 5:colcon.colcon_core.verb:set package 'run_keyboard_test' build argument 'catkin_skip_building_tests' from command line to 'False'
[0.242s] DEBUG:colcon.colcon_core.verb:Building package 'run_keyboard_test' with the following arguments: {'ament_cmake_args': None, 'build_base': '/home/dgut/code/Nazarite/build/run_keyboard_test', 'catkin_cmake_args': None, 'catkin_skip_building_tests': False, 'cmake_args': None, 'cmake_clean_cache': False, 'cmake_clean_first': False, 'cmake_force_configure': False, 'cmake_target': None, 'cmake_target_skip_unavailable': False, 'install_base': '/home/dgut/code/Nazarite/install/run_keyboard_test', 'merge_install': False, 'path': '/home/dgut/code/Nazarite/src/run_keyboard_test', 'symlink_install': True, 'test_result_base': None}
[0.242s] Level 5:colcon.colcon_core.verb:set package 'stm32_driver' build argument 'cmake_args' from command line to 'None'
[0.242s] Level 5:colcon.colcon_core.verb:set package 'stm32_driver' build argument 'cmake_target' from command line to 'None'
[0.242s] Level 5:colcon.colcon_core.verb:set package 'stm32_driver' build argument 'cmake_target_skip_unavailable' from command line to 'False'
[0.242s] Level 5:colcon.colcon_core.verb:set package 'stm32_driver' build argument 'cmake_clean_cache' from command line to 'False'
[0.243s] Level 5:colcon.colcon_core.verb:set package 'stm32_driver' build argument 'cmake_clean_first' from command line to 'False'
[0.243s] Level 5:colcon.colcon_core.verb:set package 'stm32_driver' build argument 'cmake_force_configure' from command line to 'False'
[0.243s] Level 5:colcon.colcon_core.verb:set package 'stm32_driver' build argument 'ament_cmake_args' from command line to 'None'
[0.243s] Level 5:colcon.colcon_core.verb:set package 'stm32_driver' build argument 'catkin_cmake_args' from command line to 'None'
[0.243s] Level 5:colcon.colcon_core.verb:set package 'stm32_driver' build argument 'catkin_skip_building_tests' from command line to 'False'
[0.243s] DEBUG:colcon.colcon_core.verb:Building package 'stm32_driver' with the following arguments: {'ament_cmake_args': None, 'build_base': '/home/dgut/code/Nazarite/build/stm32_driver', 'catkin_cmake_args': None, 'catkin_skip_building_tests': False, 'cmake_args': None, 'cmake_clean_cache': False, 'cmake_clean_first': False, 'cmake_force_configure': False, 'cmake_target': None, 'cmake_target_skip_unavailable': False, 'install_base': '/home/dgut/code/Nazarite/install/stm32_driver', 'merge_install': False, 'path': '/home/dgut/code/Nazarite/src/stm32_driver', 'symlink_install': True, 'test_result_base': None}
[0.243s] Level 5:colcon.colcon_core.verb:set package 'costmap_converter' build argument 'cmake_args' from command line to 'None'
[0.243s] Level 5:colcon.colcon_core.verb:set package 'costmap_converter' build argument 'cmake_target' from command line to 'None'
[0.243s] Level 5:colcon.colcon_core.verb:set package 'costmap_converter' build argument 'cmake_target_skip_unavailable' from command line to 'False'
[0.243s] Level 5:colcon.colcon_core.verb:set package 'costmap_converter' build argument 'cmake_clean_cache' from command line to 'False'
[0.243s] Level 5:colcon.colcon_core.verb:set package 'costmap_converter' build argument 'cmake_clean_first' from command line to 'False'
[0.243s] Level 5:colcon.colcon_core.verb:set package 'costmap_converter' build argument 'cmake_force_configure' from command line to 'False'
[0.243s] Level 5:colcon.colcon_core.verb:set package 'costmap_converter' build argument 'ament_cmake_args' from command line to 'None'
[0.243s] Level 5:colcon.colcon_core.verb:set package 'costmap_converter' build argument 'catkin_cmake_args' from command line to 'None'
[0.243s] Level 5:colcon.colcon_core.verb:set package 'costmap_converter' build argument 'catkin_skip_building_tests' from command line to 'False'
[0.243s] DEBUG:colcon.colcon_core.verb:Building package 'costmap_converter' with the following arguments: {'ament_cmake_args': None, 'build_base': '/home/dgut/code/Nazarite/build/costmap_converter', 'catkin_cmake_args': None, 'catkin_skip_building_tests': False, 'cmake_args': None, 'cmake_clean_cache': False, 'cmake_clean_first': False, 'cmake_force_configure': False, 'cmake_target': None, 'cmake_target_skip_unavailable': False, 'install_base': '/home/dgut/code/Nazarite/install/costmap_converter', 'merge_install': False, 'path': '/home/dgut/code/Nazarite/src/costmap_converter/costmap_converter', 'symlink_install': True, 'test_result_base': None}
[0.243s] Level 5:colcon.colcon_core.verb:set package 'fast_lio' build argument 'cmake_args' from command line to 'None'
[0.243s] Level 5:colcon.colcon_core.verb:set package 'fast_lio' build argument 'cmake_target' from command line to 'None'
[0.243s] Level 5:colcon.colcon_core.verb:set package 'fast_lio' build argument 'cmake_target_skip_unavailable' from command line to 'False'
[0.243s] Level 5:colcon.colcon_core.verb:set package 'fast_lio' build argument 'cmake_clean_cache' from command line to 'False'
[0.243s] Level 5:colcon.colcon_core.verb:set package 'fast_lio' build argument 'cmake_clean_first' from command line to 'False'
[0.243s] Level 5:colcon.colcon_core.verb:set package 'fast_lio' build argument 'cmake_force_configure' from command line to 'False'
[0.243s] Level 5:colcon.colcon_core.verb:set package 'fast_lio' build argument 'ament_cmake_args' from command line to 'None'
[0.243s] Level 5:colcon.colcon_core.verb:set package 'fast_lio' build argument 'catkin_cmake_args' from command line to 'None'
[0.243s] Level 5:colcon.colcon_core.verb:set package 'fast_lio' build argument 'catkin_skip_building_tests' from command line to 'False'
[0.243s] DEBUG:colcon.colcon_core.verb:Building package 'fast_lio' with the following arguments: {'ament_cmake_args': None, 'build_base': '/home/dgut/code/Nazarite/build/fast_lio', 'catkin_cmake_args': None, 'catkin_skip_building_tests': False, 'cmake_args': None, 'cmake_clean_cache': False, 'cmake_clean_first': False, 'cmake_force_configure': False, 'cmake_target': None, 'cmake_target_skip_unavailable': False, 'install_base': '/home/dgut/code/Nazarite/install/fast_lio', 'merge_install': False, 'path': '/home/dgut/code/Nazarite/src/fast_lio', 'symlink_install': True, 'test_result_base': None}
[0.243s] Level 5:colcon.colcon_core.verb:set package 'point_lio' build argument 'cmake_args' from command line to 'None'
[0.243s] Level 5:colcon.colcon_core.verb:set package 'point_lio' build argument 'cmake_target' from command line to 'None'
[0.243s] Level 5:colcon.colcon_core.verb:set package 'point_lio' build argument 'cmake_target_skip_unavailable' from command line to 'False'
[0.243s] Level 5:colcon.colcon_core.verb:set package 'point_lio' build argument 'cmake_clean_cache' from command line to 'False'
[0.243s] Level 5:colcon.colcon_core.verb:set package 'point_lio' build argument 'cmake_clean_first' from command line to 'False'
[0.243s] Level 5:colcon.colcon_core.verb:set package 'point_lio' build argument 'cmake_force_configure' from command line to 'False'
[0.243s] Level 5:colcon.colcon_core.verb:set package 'point_lio' build argument 'ament_cmake_args' from command line to 'None'
[0.243s] Level 5:colcon.colcon_core.verb:set package 'point_lio' build argument 'catkin_cmake_args' from command line to 'None'
[0.243s] Level 5:colcon.colcon_core.verb:set package 'point_lio' build argument 'catkin_skip_building_tests' from command line to 'False'
[0.243s] DEBUG:colcon.colcon_core.verb:Building package 'point_lio' with the following arguments: {'ament_cmake_args': None, 'build_base': '/home/dgut/code/Nazarite/build/point_lio', 'catkin_cmake_args': None, 'catkin_skip_building_tests': False, 'cmake_args': None, 'cmake_clean_cache': False, 'cmake_clean_first': False, 'cmake_force_configure': False, 'cmake_target': None, 'cmake_target_skip_unavailable': False, 'install_base': '/home/dgut/code/Nazarite/install/point_lio', 'merge_install': False, 'path': '/home/dgut/code/Nazarite/src/point_lio', 'symlink_install': True, 'test_result_base': None}
[0.243s] Level 5:colcon.colcon_core.verb:set package 'teb_msgs' build argument 'cmake_args' from command line to 'None'
[0.243s] Level 5:colcon.colcon_core.verb:set package 'teb_msgs' build argument 'cmake_target' from command line to 'None'
[0.243s] Level 5:colcon.colcon_core.verb:set package 'teb_msgs' build argument 'cmake_target_skip_unavailable' from command line to 'False'
[0.243s] Level 5:colcon.colcon_core.verb:set package 'teb_msgs' build argument 'cmake_clean_cache' from command line to 'False'
[0.243s] Level 5:colcon.colcon_core.verb:set package 'teb_msgs' build argument 'cmake_clean_first' from command line to 'False'
[0.243s] Level 5:colcon.colcon_core.verb:set package 'teb_msgs' build argument 'cmake_force_configure' from command line to 'False'
[0.243s] Level 5:colcon.colcon_core.verb:set package 'teb_msgs' build argument 'ament_cmake_args' from command line to 'None'
[0.243s] Level 5:colcon.colcon_core.verb:set package 'teb_msgs' build argument 'catkin_cmake_args' from command line to 'None'
[0.244s] Level 5:colcon.colcon_core.verb:set package 'teb_msgs' build argument 'catkin_skip_building_tests' from command line to 'False'
[0.244s] DEBUG:colcon.colcon_core.verb:Building package 'teb_msgs' with the following arguments: {'ament_cmake_args': None, 'build_base': '/home/dgut/code/Nazarite/build/teb_msgs', 'catkin_cmake_args': None, 'catkin_skip_building_tests': False, 'cmake_args': None, 'cmake_clean_cache': False, 'cmake_clean_first': False, 'cmake_force_configure': False, 'cmake_target': None, 'cmake_target_skip_unavailable': False, 'install_base': '/home/dgut/code/Nazarite/install/teb_msgs', 'merge_install': False, 'path': '/home/dgut/code/Nazarite/src/teb_local_planner/teb_msgs', 'symlink_install': True, 'test_result_base': None}
[0.244s] Level 5:colcon.colcon_core.verb:set package 'teb_local_planner' build argument 'cmake_args' from command line to 'None'
[0.244s] Level 5:colcon.colcon_core.verb:set package 'teb_local_planner' build argument 'cmake_target' from command line to 'None'
[0.244s] Level 5:colcon.colcon_core.verb:set package 'teb_local_planner' build argument 'cmake_target_skip_unavailable' from command line to 'False'
[0.244s] Level 5:colcon.colcon_core.verb:set package 'teb_local_planner' build argument 'cmake_clean_cache' from command line to 'False'
[0.244s] Level 5:colcon.colcon_core.verb:set package 'teb_local_planner' build argument 'cmake_clean_first' from command line to 'False'
[0.244s] Level 5:colcon.colcon_core.verb:set package 'teb_local_planner' build argument 'cmake_force_configure' from command line to 'False'
[0.244s] Level 5:colcon.colcon_core.verb:set package 'teb_local_planner' build argument 'ament_cmake_args' from command line to 'None'
[0.244s] Level 5:colcon.colcon_core.verb:set package 'teb_local_planner' build argument 'catkin_cmake_args' from command line to 'None'
[0.244s] Level 5:colcon.colcon_core.verb:set package 'teb_local_planner' build argument 'catkin_skip_building_tests' from command line to 'False'
[0.244s] DEBUG:colcon.colcon_core.verb:Building package 'teb_local_planner' with the following arguments: {'ament_cmake_args': None, 'build_base': '/home/dgut/code/Nazarite/build/teb_local_planner', 'catkin_cmake_args': None, 'catkin_skip_building_tests': False, 'cmake_args': None, 'cmake_clean_cache': False, 'cmake_clean_first': False, 'cmake_force_configure': False, 'cmake_target': None, 'cmake_target_skip_unavailable': False, 'install_base': '/home/dgut/code/Nazarite/install/teb_local_planner', 'merge_install': False, 'path': '/home/dgut/code/Nazarite/src/teb_local_planner/teb_local_planner', 'symlink_install': True, 'test_result_base': None}
[0.244s] INFO:colcon.colcon_core.executor:Executing jobs using 'parallel' executor
[0.245s] DEBUG:colcon.colcon_parallel_executor.executor.parallel:run_until_complete
[0.245s] INFO:colcon.colcon_ros.task.ament_cmake.build:Building ROS package in '/home/dgut/code/Nazarite/src/costmap_converter/costmap_converter_msgs' with build type 'ament_cmake'
[0.246s] INFO:colcon.colcon_cmake.task.cmake.build:Building CMake package in '/home/dgut/code/Nazarite/src/costmap_converter/costmap_converter_msgs'
[0.246s] INFO:colcon.colcon_core.plugin_system:Skipping extension 'colcon_core.shell.bat': Not used on non-Windows systems
[0.247s] INFO:colcon.colcon_core.shell:Skip shell extension 'powershell' for command environment: Not usable outside of PowerShell
[0.247s] DEBUG:colcon.colcon_core.shell:Skip shell extension 'dsv' for command environment
[0.249s] INFO:colcon.colcon_ros.task.ament_cmake.build:Building ROS package in '/home/dgut/code/Nazarite/src/livox_ros_driver2' with build type 'ament_cmake'
[0.249s] INFO:colcon.colcon_cmake.task.cmake.build:Building CMake package in '/home/dgut/code/Nazarite/src/livox_ros_driver2'
[0.249s] INFO:colcon.colcon_core.shell:Skip shell extension 'powershell' for command environment: Not usable outside of PowerShell
[0.249s] DEBUG:colcon.colcon_core.shell:Skip shell extension 'dsv' for command environment
[0.251s] INFO:colcon.colcon_ros.task.ament_cmake.build:Building ROS package in '/home/dgut/code/Nazarite/src/arm-new23' with build type 'ament_cmake'
[0.251s] INFO:colcon.colcon_cmake.task.cmake.build:Building CMake package in '/home/dgut/code/Nazarite/src/arm-new23'
[0.251s] INFO:colcon.colcon_core.shell:Skip shell extension 'powershell' for command environment: Not usable outside of PowerShell
[0.251s] DEBUG:colcon.colcon_core.shell:Skip shell extension 'dsv' for command environment
[0.253s] INFO:colcon.colcon_ros.task.ament_cmake.build:Building ROS package in '/home/dgut/code/Nazarite/src/ndt_omp_ros2' with build type 'ament_cmake'
[0.253s] INFO:colcon.colcon_cmake.task.cmake.build:Building CMake package in '/home/dgut/code/Nazarite/src/ndt_omp_ros2'
[0.253s] INFO:colcon.colcon_core.shell:Skip shell extension 'powershell' for command environment: Not usable outside of PowerShell
[0.253s] DEBUG:colcon.colcon_core.shell:Skip shell extension 'dsv' for command environment
[0.255s] INFO:colcon.colcon_ros.task.ament_cmake.build:Building ROS package in '/home/dgut/code/Nazarite/src/open3d_loc' with build type 'ament_cmake'
[0.255s] INFO:colcon.colcon_cmake.task.cmake.build:Building CMake package in '/home/dgut/code/Nazarite/src/open3d_loc'
[0.255s] INFO:colcon.colcon_core.shell:Skip shell extension 'powershell' for command environment: Not usable outside of PowerShell
[0.255s] DEBUG:colcon.colcon_core.shell:Skip shell extension 'dsv' for command environment
[0.256s] INFO:colcon.colcon_ros.task.ament_cmake.build:Building ROS package in '/home/dgut/code/Nazarite/src/pointcloud_to_laserscan' with build type 'ament_cmake'
[0.256s] INFO:colcon.colcon_cmake.task.cmake.build:Building CMake package in '/home/dgut/code/Nazarite/src/pointcloud_to_laserscan'
[0.257s] INFO:colcon.colcon_core.shell:Skip shell extension 'powershell' for command environment: Not usable outside of PowerShell
[0.257s] DEBUG:colcon.colcon_core.shell:Skip shell extension 'dsv' for command environment
[0.258s] INFO:colcon.colcon_ros.task.ament_cmake.build:Building ROS package in '/home/dgut/code/Nazarite/src/r2_mode1_bt_tree' with build type 'ament_cmake'
[0.258s] INFO:colcon.colcon_cmake.task.cmake.build:Building CMake package in '/home/dgut/code/Nazarite/src/r2_mode1_bt_tree'
[0.258s] INFO:colcon.colcon_core.shell:Skip shell extension 'powershell' for command environment: Not usable outside of PowerShell
[0.258s] DEBUG:colcon.colcon_core.shell:Skip shell extension 'dsv' for command environment
[0.260s] INFO:colcon.colcon_ros.task.ament_cmake.build:Building ROS package in '/home/dgut/code/Nazarite/src/rc_bringup' with build type 'ament_cmake'
[0.260s] INFO:colcon.colcon_cmake.task.cmake.build:Building CMake package in '/home/dgut/code/Nazarite/src/rc_bringup'
[0.260s] INFO:colcon.colcon_core.shell:Skip shell extension 'powershell' for command environment: Not usable outside of PowerShell
[0.260s] DEBUG:colcon.colcon_core.shell:Skip shell extension 'dsv' for command environment
[0.262s] INFO:colcon.colcon_ros.task.ament_cmake.build:Building ROS package in '/home/dgut/code/Nazarite/src/rc_serial' with build type 'ament_cmake'
[0.262s] INFO:colcon.colcon_cmake.task.cmake.build:Building CMake package in '/home/dgut/code/Nazarite/src/rc_serial'
[0.262s] INFO:colcon.colcon_core.shell:Skip shell extension 'powershell' for command environment: Not usable outside of PowerShell
[0.262s] DEBUG:colcon.colcon_core.shell:Skip shell extension 'dsv' for command environment
[0.264s] INFO:colcon.colcon_ros.task.ament_python.build:Building ROS package in '/home/dgut/code/Nazarite/src/run_keyboard_test' with build type 'ament_python'
[0.264s] Level 1:colcon.colcon_core.shell:create_environment_hook('run_keyboard_test', 'ament_prefix_path')
[0.264s] INFO:colcon.colcon_core.shell:Creating environment hook '/home/dgut/code/Nazarite/install/run_keyboard_test/share/run_keyboard_test/hook/ament_prefix_path.ps1'
[0.265s] INFO:colcon.colcon_core.shell:Creating environment descriptor '/home/dgut/code/Nazarite/install/run_keyboard_test/share/run_keyboard_test/hook/ament_prefix_path.dsv'
[0.265s] INFO:colcon.colcon_core.shell:Creating environment hook '/home/dgut/code/Nazarite/install/run_keyboard_test/share/run_keyboard_test/hook/ament_prefix_path.sh'
[0.265s] INFO:colcon.colcon_core.shell:Skip shell extension 'powershell' for command environment: Not usable outside of PowerShell
[0.265s] DEBUG:colcon.colcon_core.shell:Skip shell extension 'dsv' for command environment
[0.267s] INFO:colcon.colcon_ros.task.ament_python.build:Building ROS package in '/home/dgut/code/Nazarite/src/stm32_driver' with build type 'ament_python'
[0.267s] Level 1:colcon.colcon_core.shell:create_environment_hook('stm32_driver', 'ament_prefix_path')
[0.267s] INFO:colcon.colcon_core.shell:Creating environment hook '/home/dgut/code/Nazarite/install/stm32_driver/share/stm32_driver/hook/ament_prefix_path.ps1'
[0.268s] INFO:colcon.colcon_core.shell:Creating environment descriptor '/home/dgut/code/Nazarite/install/stm32_driver/share/stm32_driver/hook/ament_prefix_path.dsv'
[0.268s] INFO:colcon.colcon_core.shell:Creating environment hook '/home/dgut/code/Nazarite/install/stm32_driver/share/stm32_driver/hook/ament_prefix_path.sh'
[0.268s] INFO:colcon.colcon_core.shell:Skip shell extension 'powershell' for command environment: Not usable outside of PowerShell
[0.268s] DEBUG:colcon.colcon_core.shell:Skip shell extension 'dsv' for command environment
[0.273s] DEBUG:colcon.colcon_core.event_handler.log_command:Invoking command in '/home/dgut/code/Nazarite/build/costmap_converter_msgs': CMAKE_PREFIX_PATH=/opt/ros/humble /usr/bin/cmake /home/dgut/code/Nazarite/src/costmap_converter/costmap_converter_msgs -DAMENT_CMAKE_SYMLINK_INSTALL=1 -DCMAKE_INSTALL_PREFIX=/home/dgut/code/Nazarite/install/costmap_converter_msgs
[0.273s] DEBUG:colcon.colcon_core.event_handler.log_command:Invoking command in '/home/dgut/code/Nazarite/build/livox_ros_driver2': CMAKE_PREFIX_PATH=/opt/ros/humble /usr/bin/cmake /home/dgut/code/Nazarite/src/livox_ros_driver2 -DAMENT_CMAKE_SYMLINK_INSTALL=1 -DCMAKE_INSTALL_PREFIX=/home/dgut/code/Nazarite/install/livox_ros_driver2
[0.274s] DEBUG:colcon.colcon_core.event_handler.log_command:Invoking command in '/home/dgut/code/Nazarite/build/arm-new23': CMAKE_PREFIX_PATH=/opt/ros/humble /usr/bin/cmake /home/dgut/code/Nazarite/src/arm-new23 -DAMENT_CMAKE_SYMLINK_INSTALL=1 -DCMAKE_INSTALL_PREFIX=/home/dgut/code/Nazarite/install/arm-new23
[0.276s] DEBUG:colcon.colcon_core.event_handler.log_command:Invoking command in '/home/dgut/code/Nazarite/build/ndt_omp_ros2': CMAKE_PREFIX_PATH=/opt/ros/humble /usr/bin/cmake /home/dgut/code/Nazarite/src/ndt_omp_ros2 -DAMENT_CMAKE_SYMLINK_INSTALL=1 -DCMAKE_INSTALL_PREFIX=/home/dgut/code/Nazarite/install/ndt_omp_ros2
[0.277s] DEBUG:colcon.colcon_core.event_handler.log_command:Invoking command in '/home/dgut/code/Nazarite/build/open3d_loc': CMAKE_PREFIX_PATH=/opt/ros/humble /usr/bin/cmake /home/dgut/code/Nazarite/src/open3d_loc -DAMENT_CMAKE_SYMLINK_INSTALL=1 -DCMAKE_INSTALL_PREFIX=/home/dgut/code/Nazarite/install/open3d_loc
[0.278s] DEBUG:colcon.colcon_core.event_handler.log_command:Invoking command in '/home/dgut/code/Nazarite/build/pointcloud_to_laserscan': CMAKE_PREFIX_PATH=/opt/ros/humble /usr/bin/cmake /home/dgut/code/Nazarite/src/pointcloud_to_laserscan -DAMENT_CMAKE_SYMLINK_INSTALL=1 -DCMAKE_INSTALL_PREFIX=/home/dgut/code/Nazarite/install/pointcloud_to_laserscan
[0.279s] DEBUG:colcon.colcon_core.event_handler.log_command:Invoking command in '/home/dgut/code/Nazarite/build/r2_mode1_bt': CMAKE_PREFIX_PATH=/opt/ros/humble /usr/bin/cmake /home/dgut/code/Nazarite/src/r2_mode1_bt_tree -DAMENT_CMAKE_SYMLINK_INSTALL=1 -DCMAKE_INSTALL_PREFIX=/home/dgut/code/Nazarite/install/r2_mode1_bt
[0.294s] DEBUG:colcon.colcon_core.event_handler.log_command:Invoking command in '/home/dgut/code/Nazarite/build/rc_bringup': CMAKE_PREFIX_PATH=/opt/ros/humble /usr/bin/cmake /home/dgut/code/Nazarite/src/rc_bringup -DAMENT_CMAKE_SYMLINK_INSTALL=1 -DCMAKE_INSTALL_PREFIX=/home/dgut/code/Nazarite/install/rc_bringup
[0.296s] DEBUG:colcon.colcon_core.event_handler.log_command:Invoking command in '/home/dgut/code/Nazarite/build/rc_serial': CMAKE_PREFIX_PATH=/opt/ros/humble /usr/bin/cmake /home/dgut/code/Nazarite/src/rc_serial -DAMENT_CMAKE_SYMLINK_INSTALL=1 -DCMAKE_INSTALL_PREFIX=/home/dgut/code/Nazarite/install/rc_serial
[0.525s] INFO:colcon.colcon_core.task.python.build:Building Python package in '/home/dgut/code/Nazarite/src/run_keyboard_test'
[0.525s] INFO:colcon.colcon_core.shell:Skip shell extension 'powershell' for command environment: Not usable outside of PowerShell
[0.525s] DEBUG:colcon.colcon_core.shell:Skip shell extension 'dsv' for command environment
[0.730s] INFO:colcon.colcon_core.task.python.build:Building Python package in '/home/dgut/code/Nazarite/src/stm32_driver'
[0.731s] INFO:colcon.colcon_core.shell:Skip shell extension 'powershell' for command environment: Not usable outside of PowerShell
[0.731s] DEBUG:colcon.colcon_core.shell:Skip shell extension 'dsv' for command environment
[0.785s] DEBUG:colcon.colcon_core.event_handler.log_command:Invoked command in '/home/dgut/code/Nazarite/build/arm-new23' returned '0': CMAKE_PREFIX_PATH=/opt/ros/humble /usr/bin/cmake /home/dgut/code/Nazarite/src/arm-new23 -DAMENT_CMAKE_SYMLINK_INSTALL=1 -DCMAKE_INSTALL_PREFIX=/home/dgut/code/Nazarite/install/arm-new23
[0.787s] DEBUG:colcon.colcon_core.event_handler.log_command:Invoking command in '/home/dgut/code/Nazarite/build/arm-new23': CMAKE_PREFIX_PATH=/opt/ros/humble /usr/bin/cmake --build /home/dgut/code/Nazarite/build/arm-new23 -- -j16 -l16
[0.827s] DEBUG:colcon.colcon_core.event_handler.log_command:Invoked command in '/home/dgut/code/Nazarite/build/arm-new23' returned '0': CMAKE_PREFIX_PATH=/opt/ros/humble /usr/bin/cmake --build /home/dgut/code/Nazarite/build/arm-new23 -- -j16 -l16
[0.837s] DEBUG:colcon.colcon_core.event_handler.log_command:Invoking command in '/home/dgut/code/Nazarite/build/arm-new23': CMAKE_PREFIX_PATH=/opt/ros/humble /usr/bin/cmake --install /home/dgut/code/Nazarite/build/arm-new23
[0.840s] DEBUG:colcon.colcon_core.event_handler.log_command:Invoked command in '/home/dgut/code/Nazarite/build/rc_bringup' returned '0': CMAKE_PREFIX_PATH=/opt/ros/humble /usr/bin/cmake /home/dgut/code/Nazarite/src/rc_bringup -DAMENT_CMAKE_SYMLINK_INSTALL=1 -DCMAKE_INSTALL_PREFIX=/home/dgut/code/Nazarite/install/rc_bringup
[0.841s] DEBUG:colcon.colcon_core.event_handler.log_command:Invoking command in '/home/dgut/code/Nazarite/build/rc_bringup': CMAKE_PREFIX_PATH=/opt/ros/humble /usr/bin/cmake --build /home/dgut/code/Nazarite/build/rc_bringup -- -j16 -l16
[0.879s] DEBUG:colcon.colcon_core.event_handler.log_command:Invoked command in '/home/dgut/code/Nazarite/build/rc_bringup' returned '0': CMAKE_PREFIX_PATH=/opt/ros/humble /usr/bin/cmake --build /home/dgut/code/Nazarite/build/rc_bringup -- -j16 -l16
[0.880s] DEBUG:colcon.colcon_core.event_handler.log_command:Invoking command in '/home/dgut/code/Nazarite/build/rc_bringup': CMAKE_PREFIX_PATH=/opt/ros/humble /usr/bin/cmake --install /home/dgut/code/Nazarite/build/rc_bringup
[1.079s] Level 1:colcon.colcon_core.environment:create_environment_scripts_only(arm-new23)
[1.080s] DEBUG:colcon.colcon_core.event_handler.log_command:Invoked command in '/home/dgut/code/Nazarite/build/arm-new23' returned '0': CMAKE_PREFIX_PATH=/opt/ros/humble /usr/bin/cmake --install /home/dgut/code/Nazarite/build/arm-new23
[1.082s] Level 1:colcon.colcon_core.environment:checking '/home/dgut/code/Nazarite/install/arm-new23' for CMake module files
[1.082s] Level 1:colcon.colcon_core.environment:checking '/home/dgut/code/Nazarite/install/arm-new23' for CMake config files
[1.083s] Level 1:colcon.colcon_core.shell:create_environment_hook('arm-new23', 'cmake_prefix_path')
[1.083s] INFO:colcon.colcon_core.shell:Creating environment hook '/home/dgut/code/Nazarite/install/arm-new23/share/arm-new23/hook/cmake_prefix_path.ps1'
[1.083s] INFO:colcon.colcon_core.shell:Creating environment descriptor '/home/dgut/code/Nazarite/install/arm-new23/share/arm-new23/hook/cmake_prefix_path.dsv'
[1.083s] INFO:colcon.colcon_core.shell:Creating environment hook '/home/dgut/code/Nazarite/install/arm-new23/share/arm-new23/hook/cmake_prefix_path.sh'
[1.084s] Level 1:colcon.colcon_core.environment:checking '/home/dgut/code/Nazarite/install/arm-new23/bin'
[1.084s] Level 1:colcon.colcon_core.environment:checking '/home/dgut/code/Nazarite/install/arm-new23/lib/pkgconfig/arm-new23.pc'
[1.084s] Level 1:colcon.colcon_core.environment:checking '/home/dgut/code/Nazarite/install/arm-new23/lib/python3.10/site-packages'
[1.084s] Level 1:colcon.colcon_core.environment:checking '/home/dgut/code/Nazarite/install/arm-new23/bin'
[1.085s] INFO:colcon.colcon_core.shell:Creating package script '/home/dgut/code/Nazarite/install/arm-new23/share/arm-new23/package.ps1'
[1.085s] INFO:colcon.colcon_core.shell:Creating package descriptor '/home/dgut/code/Nazarite/install/arm-new23/share/arm-new23/package.dsv'
[1.086s] INFO:colcon.colcon_core.shell:Creating package script '/home/dgut/code/Nazarite/install/arm-new23/share/arm-new23/package.sh'
[1.086s] INFO:colcon.colcon_core.shell:Creating package script '/home/dgut/code/Nazarite/install/arm-new23/share/arm-new23/package.bash'
[1.087s] INFO:colcon.colcon_core.shell:Creating package script '/home/dgut/code/Nazarite/install/arm-new23/share/arm-new23/package.zsh'
[1.088s] Level 1:colcon.colcon_core.environment:create_file_with_runtime_dependencies(/home/dgut/code/Nazarite/install/arm-new23/share/colcon-core/packages/arm-new23)
[1.088s] Level 1:colcon.colcon_core.environment:create_environment_scripts_only(arm-new23)
[1.088s] Level 1:colcon.colcon_core.environment:checking '/home/dgut/code/Nazarite/install/arm-new23' for CMake module files
[1.089s] Level 1:colcon.colcon_core.environment:checking '/home/dgut/code/Nazarite/install/arm-new23' for CMake config files
[1.089s] Level 1:colcon.colcon_core.shell:create_environment_hook('arm-new23', 'cmake_prefix_path')
[1.089s] INFO:colcon.colcon_core.shell:Creating environment hook '/home/dgut/code/Nazarite/install/arm-new23/share/arm-new23/hook/cmake_prefix_path.ps1'
[1.090s] INFO:colcon.colcon_core.shell:Creating environment descriptor '/home/dgut/code/Nazarite/install/arm-new23/share/arm-new23/hook/cmake_prefix_path.dsv'
[1.090s] INFO:colcon.colcon_core.shell:Creating environment hook '/home/dgut/code/Nazarite/install/arm-new23/share/arm-new23/hook/cmake_prefix_path.sh'
[1.090s] Level 1:colcon.colcon_core.environment:checking '/home/dgut/code/Nazarite/install/arm-new23/bin'
[1.090s] Level 1:colcon.colcon_core.environment:checking '/home/dgut/code/Nazarite/install/arm-new23/lib/pkgconfig/arm-new23.pc'
[1.090s] Level 1:colcon.colcon_core.environment:checking '/home/dgut/code/Nazarite/install/arm-new23/lib/python3.10/site-packages'
[1.091s] Level 1:colcon.colcon_core.environment:checking '/home/dgut/code/Nazarite/install/arm-new23/bin'
[1.091s] INFO:colcon.colcon_core.shell:Creating package script '/home/dgut/code/Nazarite/install/arm-new23/share/arm-new23/package.ps1'
[1.091s] INFO:colcon.colcon_core.shell:Creating package descriptor '/home/dgut/code/Nazarite/install/arm-new23/share/arm-new23/package.dsv'
[1.092s] INFO:colcon.colcon_core.shell:Creating package script '/home/dgut/code/Nazarite/install/arm-new23/share/arm-new23/package.sh'
[1.092s] INFO:colcon.colcon_core.shell:Creating package script '/home/dgut/code/Nazarite/install/arm-new23/share/arm-new23/package.bash'
[1.092s] INFO:colcon.colcon_core.shell:Creating package script '/home/dgut/code/Nazarite/install/arm-new23/share/arm-new23/package.zsh'
[1.093s] Level 1:colcon.colcon_core.environment:create_file_with_runtime_dependencies(/home/dgut/code/Nazarite/install/arm-new23/share/colcon-core/packages/arm-new23)
[1.099s] DEBUG:colcon.colcon_core.event_handler.log_command:Invoking command in '/home/dgut/code/Nazarite/build/run_keyboard_test': PYTHONPATH=/home/dgut/code/Nazarite/build/run_keyboard_test/prefix_override:/usr/lib/python3/dist-packages/colcon_core/task/python/colcon_distutils_commands:/home/dgut/code/Nazarite/install/run_keyboard_test/lib/python3.10/site-packages:${PYTHONPATH} /usr/bin/python3 -W ignore:setup.py install is deprecated -W ignore:easy_install command is deprecated setup.py develop --editable --build-directory /home/dgut/code/Nazarite/build/run_keyboard_test/build --no-deps symlink_data
[1.103s] DEBUG:colcon.colcon_core.event_handler.log_command:Invoking command in '/home/dgut/code/Nazarite/build/stm32_driver': PYTHONPATH=/home/dgut/code/Nazarite/build/stm32_driver/prefix_override:/usr/lib/python3/dist-packages/colcon_core/task/python/colcon_distutils_commands:/home/dgut/code/Nazarite/install/stm32_driver/lib/python3.10/site-packages:${PYTHONPATH} /usr/bin/python3 -W ignore:setup.py install is deprecated -W ignore:easy_install command is deprecated setup.py develop --editable --build-directory /home/dgut/code/Nazarite/build/stm32_driver/build --no-deps symlink_data
[1.130s] DEBUG:colcon.colcon_core.event_handler.log_command:Invoked command in '/home/dgut/code/Nazarite/build/rc_serial' returned '0': CMAKE_PREFIX_PATH=/opt/ros/humble /usr/bin/cmake /home/dgut/code/Nazarite/src/rc_serial -DAMENT_CMAKE_SYMLINK_INSTALL=1 -DCMAKE_INSTALL_PREFIX=/home/dgut/code/Nazarite/install/rc_serial
[1.131s] DEBUG:colcon.colcon_core.event_handler.log_command:Invoking command in '/home/dgut/code/Nazarite/build/rc_serial': CMAKE_PREFIX_PATH=/opt/ros/humble /usr/bin/cmake --build /home/dgut/code/Nazarite/build/rc_serial -- -j16 -l16
[1.249s] DEBUG:colcon.colcon_core.event_handler.log_command:Invoked command in '/home/dgut/code/Nazarite/build/r2_mode1_bt' returned '0': CMAKE_PREFIX_PATH=/opt/ros/humble /usr/bin/cmake /home/dgut/code/Nazarite/src/r2_mode1_bt_tree -DAMENT_CMAKE_SYMLINK_INSTALL=1 -DCMAKE_INSTALL_PREFIX=/home/dgut/code/Nazarite/install/r2_mode1_bt
[1.250s] DEBUG:colcon.colcon_core.event_handler.log_command:Invoking command in '/home/dgut/code/Nazarite/build/r2_mode1_bt': CMAKE_PREFIX_PATH=/opt/ros/humble /usr/bin/cmake --build /home/dgut/code/Nazarite/build/r2_mode1_bt -- -j16 -l16
[1.295s] DEBUG:colcon.colcon_core.event_handler.log_command:Invoked command in '/home/dgut/code/Nazarite/build/pointcloud_to_laserscan' returned '0': CMAKE_PREFIX_PATH=/opt/ros/humble /usr/bin/cmake /home/dgut/code/Nazarite/src/pointcloud_to_laserscan -DAMENT_CMAKE_SYMLINK_INSTALL=1 -DCMAKE_INSTALL_PREFIX=/home/dgut/code/Nazarite/install/pointcloud_to_laserscan
[1.296s] DEBUG:colcon.colcon_core.event_handler.log_command:Invoking command in '/home/dgut/code/Nazarite/build/pointcloud_to_laserscan': CMAKE_PREFIX_PATH=/opt/ros/humble /usr/bin/cmake --build /home/dgut/code/Nazarite/build/pointcloud_to_laserscan -- -j16 -l16
[1.507s] Level 1:colcon.colcon_core.shell:create_environment_hook('run_keyboard_test', 'pythonpath_develop')
[1.507s] INFO:colcon.colcon_core.shell:Creating environment hook '/home/dgut/code/Nazarite/build/run_keyboard_test/share/run_keyboard_test/hook/pythonpath_develop.ps1'
[1.508s] DEBUG:colcon.colcon_core.event_handler.log_command:Invoked command in '/home/dgut/code/Nazarite/build/run_keyboard_test' returned '0': PYTHONPATH=/home/dgut/code/Nazarite/build/run_keyboard_test/prefix_override:/usr/lib/python3/dist-packages/colcon_core/task/python/colcon_distutils_commands:/home/dgut/code/Nazarite/install/run_keyboard_test/lib/python3.10/site-packages:${PYTHONPATH} /usr/bin/python3 -W ignore:setup.py install is deprecated -W ignore:easy_install command is deprecated setup.py develop --editable --build-directory /home/dgut/code/Nazarite/build/run_keyboard_test/build --no-deps symlink_data
[1.508s] INFO:colcon.colcon_core.shell:Creating environment descriptor '/home/dgut/code/Nazarite/build/run_keyboard_test/share/run_keyboard_test/hook/pythonpath_develop.dsv'
[1.508s] INFO:colcon.colcon_core.shell:Creating environment hook '/home/dgut/code/Nazarite/build/run_keyboard_test/share/run_keyboard_test/hook/pythonpath_develop.sh'
[1.509s] Level 1:colcon.colcon_core.environment:checking '/home/dgut/code/Nazarite/install/run_keyboard_test' for CMake module files
[1.509s] Level 1:colcon.colcon_core.environment:checking '/home/dgut/code/Nazarite/install/run_keyboard_test' for CMake config files
[1.510s] Level 1:colcon.colcon_core.environment:checking '/home/dgut/code/Nazarite/install/run_keyboard_test/lib'
[1.510s] Level 1:colcon.colcon_core.environment:checking '/home/dgut/code/Nazarite/install/run_keyboard_test/bin'
[1.510s] Level 1:colcon.colcon_core.environment:checking '/home/dgut/code/Nazarite/install/run_keyboard_test/lib/pkgconfig/run_keyboard_test.pc'
[1.510s] Level 1:colcon.colcon_core.environment:checking '/home/dgut/code/Nazarite/install/run_keyboard_test/lib/python3.10/site-packages'
[1.510s] Level 1:colcon.colcon_core.shell:create_environment_hook('run_keyboard_test', 'pythonpath')
[1.510s] INFO:colcon.colcon_core.shell:Creating environment hook '/home/dgut/code/Nazarite/install/run_keyboard_test/share/run_keyboard_test/hook/pythonpath.ps1'
[1.511s] INFO:colcon.colcon_core.shell:Creating environment descriptor '/home/dgut/code/Nazarite/install/run_keyboard_test/share/run_keyboard_test/hook/pythonpath.dsv'
[1.511s] INFO:colcon.colcon_core.shell:Creating environment hook '/home/dgut/code/Nazarite/install/run_keyboard_test/share/run_keyboard_test/hook/pythonpath.sh'
[1.512s] Level 1:colcon.colcon_core.environment:checking '/home/dgut/code/Nazarite/install/run_keyboard_test/bin'
[1.512s] Level 1:colcon.colcon_core.environment:create_environment_scripts_only(run_keyboard_test)
[1.512s] INFO:colcon.colcon_core.shell:Creating package script '/home/dgut/code/Nazarite/install/run_keyboard_test/share/run_keyboard_test/package.ps1'
[1.512s] INFO:colcon.colcon_core.shell:Creating package descriptor '/home/dgut/code/Nazarite/install/run_keyboard_test/share/run_keyboard_test/package.dsv'
[1.513s] INFO:colcon.colcon_core.shell:Creating package script '/home/dgut/code/Nazarite/install/run_keyboard_test/share/run_keyboard_test/package.sh'
[1.513s] INFO:colcon.colcon_core.shell:Creating package script '/home/dgut/code/Nazarite/install/run_keyboard_test/share/run_keyboard_test/package.bash'
[1.513s] INFO:colcon.colcon_core.shell:Creating package script '/home/dgut/code/Nazarite/install/run_keyboard_test/share/run_keyboard_test/package.zsh'
[1.514s] Level 1:colcon.colcon_core.environment:create_file_with_runtime_dependencies(/home/dgut/code/Nazarite/install/run_keyboard_test/share/colcon-core/packages/run_keyboard_test)
[1.530s] Level 1:colcon.colcon_core.shell:create_environment_hook('stm32_driver', 'pythonpath_develop')
[1.530s] INFO:colcon.colcon_core.shell:Creating environment hook '/home/dgut/code/Nazarite/build/stm32_driver/share/stm32_driver/hook/pythonpath_develop.ps1'
[1.531s] INFO:colcon.colcon_core.shell:Creating environment descriptor '/home/dgut/code/Nazarite/build/stm32_driver/share/stm32_driver/hook/pythonpath_develop.dsv'
[1.531s] INFO:colcon.colcon_core.shell:Creating environment hook '/home/dgut/code/Nazarite/build/stm32_driver/share/stm32_driver/hook/pythonpath_develop.sh'
[1.532s] Level 1:colcon.colcon_core.environment:checking '/home/dgut/code/Nazarite/install/stm32_driver' for CMake module files
[1.532s] Level 1:colcon.colcon_core.environment:checking '/home/dgut/code/Nazarite/install/stm32_driver' for CMake config files
[1.534s] DEBUG:colcon.colcon_core.event_handler.log_command:Invoked command in '/home/dgut/code/Nazarite/build/stm32_driver' returned '0': PYTHONPATH=/home/dgut/code/Nazarite/build/stm32_driver/prefix_override:/usr/lib/python3/dist-packages/colcon_core/task/python/colcon_distutils_commands:/home/dgut/code/Nazarite/install/stm32_driver/lib/python3.10/site-packages:${PYTHONPATH} /usr/bin/python3 -W ignore:setup.py install is deprecated -W ignore:easy_install command is deprecated setup.py develop --editable --build-directory /home/dgut/code/Nazarite/build/stm32_driver/build --no-deps symlink_data
[1.535s] Level 1:colcon.colcon_core.environment:checking '/home/dgut/code/Nazarite/install/stm32_driver/lib'
[1.535s] Level 1:colcon.colcon_core.environment:checking '/home/dgut/code/Nazarite/install/stm32_driver/bin'
[1.535s] Level 1:colcon.colcon_core.environment:checking '/home/dgut/code/Nazarite/install/stm32_driver/lib/pkgconfig/stm32_driver.pc'
[1.535s] Level 1:colcon.colcon_core.environment:checking '/home/dgut/code/Nazarite/install/stm32_driver/lib/python3.10/site-packages'
[1.535s] Level 1:colcon.colcon_core.shell:create_environment_hook('stm32_driver', 'pythonpath')
[1.535s] INFO:colcon.colcon_core.shell:Creating environment hook '/home/dgut/code/Nazarite/install/stm32_driver/share/stm32_driver/hook/pythonpath.ps1'
[1.536s] INFO:colcon.colcon_core.shell:Creating environment descriptor '/home/dgut/code/Nazarite/install/stm32_driver/share/stm32_driver/hook/pythonpath.dsv'
[1.536s] INFO:colcon.colcon_core.shell:Creating environment hook '/home/dgut/code/Nazarite/install/stm32_driver/share/stm32_driver/hook/pythonpath.sh'
[1.536s] Level 1:colcon.colcon_core.environment:checking '/home/dgut/code/Nazarite/install/stm32_driver/bin'
[1.536s] Level 1:colcon.colcon_core.environment:create_environment_scripts_only(stm32_driver)
[1.537s] INFO:colcon.colcon_core.shell:Creating package script '/home/dgut/code/Nazarite/install/stm32_driver/share/stm32_driver/package.ps1'
[1.537s] INFO:colcon.colcon_core.shell:Creating package descriptor '/home/dgut/code/Nazarite/install/stm32_driver/share/stm32_driver/package.dsv'
[1.537s] INFO:colcon.colcon_core.shell:Creating package script '/home/dgut/code/Nazarite/install/stm32_driver/share/stm32_driver/package.sh'
[1.538s] INFO:colcon.colcon_core.shell:Creating package script '/home/dgut/code/Nazarite/install/stm32_driver/share/stm32_driver/package.bash'
[1.538s] INFO:colcon.colcon_core.shell:Creating package script '/home/dgut/code/Nazarite/install/stm32_driver/share/stm32_driver/package.zsh'
[1.538s] Level 1:colcon.colcon_core.environment:create_file_with_runtime_dependencies(/home/dgut/code/Nazarite/install/stm32_driver/share/colcon-core/packages/stm32_driver)
[1.636s] Level 1:colcon.colcon_core.environment:create_environment_scripts_only(rc_bringup)
[1.636s] Level 1:colcon.colcon_core.environment:checking '/home/dgut/code/Nazarite/install/rc_bringup' for CMake module files
[1.637s] DEBUG:colcon.colcon_core.event_handler.log_command:Invoked command in '/home/dgut/code/Nazarite/build/rc_bringup' returned '0': CMAKE_PREFIX_PATH=/opt/ros/humble /usr/bin/cmake --install /home/dgut/code/Nazarite/build/rc_bringup
[1.637s] Level 1:colcon.colcon_core.environment:checking '/home/dgut/code/Nazarite/install/rc_bringup' for CMake config files
[1.638s] Level 1:colcon.colcon_core.shell:create_environment_hook('rc_bringup', 'cmake_prefix_path')
[1.638s] INFO:colcon.colcon_core.shell:Creating environment hook '/home/dgut/code/Nazarite/install/rc_bringup/share/rc_bringup/hook/cmake_prefix_path.ps1'
[1.639s] INFO:colcon.colcon_core.shell:Creating environment descriptor '/home/dgut/code/Nazarite/install/rc_bringup/share/rc_bringup/hook/cmake_prefix_path.dsv'
[1.639s] INFO:colcon.colcon_core.shell:Creating environment hook '/home/dgut/code/Nazarite/install/rc_bringup/share/rc_bringup/hook/cmake_prefix_path.sh'
[1.639s] Level 1:colcon.colcon_core.environment:checking '/home/dgut/code/Nazarite/install/rc_bringup/bin'
[1.639s] Level 1:colcon.colcon_core.environment:checking '/home/dgut/code/Nazarite/install/rc_bringup/lib/pkgconfig/rc_bringup.pc'
[1.640s] Level 1:colcon.colcon_core.environment:checking '/home/dgut/code/Nazarite/install/rc_bringup/lib/python3.10/site-packages'
[1.640s] Level 1:colcon.colcon_core.environment:checking '/home/dgut/code/Nazarite/install/rc_bringup/bin'
[1.640s] INFO:colcon.colcon_core.shell:Creating package script '/home/dgut/code/Nazarite/install/rc_bringup/share/rc_bringup/package.ps1'
[1.641s] INFO:colcon.colcon_core.shell:Creating package descriptor '/home/dgut/code/Nazarite/install/rc_bringup/share/rc_bringup/package.dsv'
[1.642s] INFO:colcon.colcon_core.shell:Creating package script '/home/dgut/code/Nazarite/install/rc_bringup/share/rc_bringup/package.sh'
[1.642s] INFO:colcon.colcon_core.shell:Creating package script '/home/dgut/code/Nazarite/install/rc_bringup/share/rc_bringup/package.bash'
[1.642s] INFO:colcon.colcon_core.shell:Creating package script '/home/dgut/code/Nazarite/install/rc_bringup/share/rc_bringup/package.zsh'
[1.643s] Level 1:colcon.colcon_core.environment:create_file_with_runtime_dependencies(/home/dgut/code/Nazarite/install/rc_bringup/share/colcon-core/packages/rc_bringup)
[1.643s] Level 1:colcon.colcon_core.environment:create_environment_scripts_only(rc_bringup)
[1.644s] Level 1:colcon.colcon_core.environment:checking '/home/dgut/code/Nazarite/install/rc_bringup' for CMake module files
[1.644s] Level 1:colcon.colcon_core.environment:checking '/home/dgut/code/Nazarite/install/rc_bringup' for CMake config files
[1.645s] Level 1:colcon.colcon_core.shell:create_environment_hook('rc_bringup', 'cmake_prefix_path')
[1.645s] INFO:colcon.colcon_core.shell:Creating environment hook '/home/dgut/code/Nazarite/install/rc_bringup/share/rc_bringup/hook/cmake_prefix_path.ps1'
[1.645s] INFO:colcon.colcon_core.shell:Creating environment descriptor '/home/dgut/code/Nazarite/install/rc_bringup/share/rc_bringup/hook/cmake_prefix_path.dsv'
[1.646s] INFO:colcon.colcon_core.shell:Creating environment hook '/home/dgut/code/Nazarite/install/rc_bringup/share/rc_bringup/hook/cmake_prefix_path.sh'
[1.646s] Level 1:colcon.colcon_core.environment:checking '/home/dgut/code/Nazarite/install/rc_bringup/bin'
[1.646s] Level 1:colcon.colcon_core.environment:checking '/home/dgut/code/Nazarite/install/rc_bringup/lib/pkgconfig/rc_bringup.pc'
[1.647s] Level 1:colcon.colcon_core.environment:checking '/home/dgut/code/Nazarite/install/rc_bringup/lib/python3.10/site-packages'
[1.647s] Level 1:colcon.colcon_core.environment:checking '/home/dgut/code/Nazarite/install/rc_bringup/bin'
[1.647s] INFO:colcon.colcon_core.shell:Creating package script '/home/dgut/code/Nazarite/install/rc_bringup/share/rc_bringup/package.ps1'
[1.648s] INFO:colcon.colcon_core.shell:Creating package descriptor '/home/dgut/code/Nazarite/install/rc_bringup/share/rc_bringup/package.dsv'
[1.648s] INFO:colcon.colcon_core.shell:Creating package script '/home/dgut/code/Nazarite/install/rc_bringup/share/rc_bringup/package.sh'
[1.649s] INFO:colcon.colcon_core.shell:Creating package script '/home/dgut/code/Nazarite/install/rc_bringup/share/rc_bringup/package.bash'
[1.649s] INFO:colcon.colcon_core.shell:Creating package script '/home/dgut/code/Nazarite/install/rc_bringup/share/rc_bringup/package.zsh'
[1.650s] Level 1:colcon.colcon_core.environment:create_file_with_runtime_dependencies(/home/dgut/code/Nazarite/install/rc_bringup/share/colcon-core/packages/rc_bringup)
[1.873s] DEBUG:colcon.colcon_core.event_handler.log_command:Invoked command in '/home/dgut/code/Nazarite/build/costmap_converter_msgs' returned '0': CMAKE_PREFIX_PATH=/opt/ros/humble /usr/bin/cmake /home/dgut/code/Nazarite/src/costmap_converter/costmap_converter_msgs -DAMENT_CMAKE_SYMLINK_INSTALL=1 -DCMAKE_INSTALL_PREFIX=/home/dgut/code/Nazarite/install/costmap_converter_msgs
[1.874s] DEBUG:colcon.colcon_core.event_handler.log_command:Invoking command in '/home/dgut/code/Nazarite/build/costmap_converter_msgs': CMAKE_PREFIX_PATH=/opt/ros/humble /usr/bin/cmake --build /home/dgut/code/Nazarite/build/costmap_converter_msgs -- -j16 -l16
[3.543s] DEBUG:colcon.colcon_core.event_handler.log_command:Invoked command in '/home/dgut/code/Nazarite/build/ndt_omp_ros2' returned '0': CMAKE_PREFIX_PATH=/opt/ros/humble /usr/bin/cmake /home/dgut/code/Nazarite/src/ndt_omp_ros2 -DAMENT_CMAKE_SYMLINK_INSTALL=1 -DCMAKE_INSTALL_PREFIX=/home/dgut/code/Nazarite/install/ndt_omp_ros2
[3.544s] DEBUG:colcon.colcon_core.event_handler.log_command:Invoking command in '/home/dgut/code/Nazarite/build/ndt_omp_ros2': CMAKE_PREFIX_PATH=/opt/ros/humble /usr/bin/cmake --build /home/dgut/code/Nazarite/build/ndt_omp_ros2 -- -j16 -l16
[4.035s] DEBUG:colcon.colcon_core.event_handler.log_command:Invoked command in '/home/dgut/code/Nazarite/build/costmap_converter_msgs' returned '0': CMAKE_PREFIX_PATH=/opt/ros/humble /usr/bin/cmake --build /home/dgut/code/Nazarite/build/costmap_converter_msgs -- -j16 -l16
[4.036s] DEBUG:colcon.colcon_core.event_handler.log_command:Invoking command in '/home/dgut/code/Nazarite/build/costmap_converter_msgs': CMAKE_PREFIX_PATH=/opt/ros/humble /usr/bin/cmake --install /home/dgut/code/Nazarite/build/costmap_converter_msgs
[4.187s] DEBUG:colcon.colcon_core.event_handler.log_command:Invoked command in '/home/dgut/code/Nazarite/build/open3d_loc' returned '0': CMAKE_PREFIX_PATH=/opt/ros/humble /usr/bin/cmake /home/dgut/code/Nazarite/src/open3d_loc -DAMENT_CMAKE_SYMLINK_INSTALL=1 -DCMAKE_INSTALL_PREFIX=/home/dgut/code/Nazarite/install/open3d_loc
[4.188s] DEBUG:colcon.colcon_core.event_handler.log_command:Invoking command in '/home/dgut/code/Nazarite/build/open3d_loc': CMAKE_PREFIX_PATH=/opt/ros/humble /usr/bin/cmake --build /home/dgut/code/Nazarite/build/open3d_loc -- -j16 -l16
[4.832s] DEBUG:colcon.colcon_core.event_handler.log_command:Invoked command in '/home/dgut/code/Nazarite/build/livox_ros_driver2' returned '0': CMAKE_PREFIX_PATH=/opt/ros/humble /usr/bin/cmake /home/dgut/code/Nazarite/src/livox_ros_driver2 -DAMENT_CMAKE_SYMLINK_INSTALL=1 -DCMAKE_INSTALL_PREFIX=/home/dgut/code/Nazarite/install/livox_ros_driver2
[4.836s] DEBUG:colcon.colcon_core.event_handler.log_command:Invoking command in '/home/dgut/code/Nazarite/build/livox_ros_driver2': CMAKE_PREFIX_PATH=/opt/ros/humble /usr/bin/cmake --build /home/dgut/code/Nazarite/build/livox_ros_driver2 -- -j16 -l16
[5.171s] Level 1:colcon.colcon_core.environment:create_environment_scripts_only(costmap_converter_msgs)
[5.171s] Level 1:colcon.colcon_core.environment:checking '/home/dgut/code/Nazarite/install/costmap_converter_msgs' for CMake module files
[5.172s] Level 1:colcon.colcon_core.environment:checking '/home/dgut/code/Nazarite/install/costmap_converter_msgs' for CMake config files
[5.173s] Level 1:colcon.colcon_core.shell:create_environment_hook('costmap_converter_msgs', 'cmake_prefix_path')
[5.173s] INFO:colcon.colcon_core.shell:Creating environment hook '/home/dgut/code/Nazarite/install/costmap_converter_msgs/share/costmap_converter_msgs/hook/cmake_prefix_path.ps1'
[5.173s] INFO:colcon.colcon_core.shell:Creating environment descriptor '/home/dgut/code/Nazarite/install/costmap_converter_msgs/share/costmap_converter_msgs/hook/cmake_prefix_path.dsv'
[5.174s] INFO:colcon.colcon_core.shell:Creating environment hook '/home/dgut/code/Nazarite/install/costmap_converter_msgs/share/costmap_converter_msgs/hook/cmake_prefix_path.sh'
[5.174s] Level 1:colcon.colcon_core.environment:checking '/home/dgut/code/Nazarite/install/costmap_converter_msgs/lib'
[5.174s] Level 1:colcon.colcon_core.shell:create_environment_hook('costmap_converter_msgs', 'ld_library_path_lib')
[5.175s] INFO:colcon.colcon_core.shell:Creating environment hook '/home/dgut/code/Nazarite/install/costmap_converter_msgs/share/costmap_converter_msgs/hook/ld_library_path_lib.ps1'
[5.175s] DEBUG:colcon.colcon_core.event_handler.log_command:Invoked command in '/home/dgut/code/Nazarite/build/costmap_converter_msgs' returned '0': CMAKE_PREFIX_PATH=/opt/ros/humble /usr/bin/cmake --install /home/dgut/code/Nazarite/build/costmap_converter_msgs
[5.175s] INFO:colcon.colcon_core.shell:Creating environment descriptor '/home/dgut/code/Nazarite/install/costmap_converter_msgs/share/costmap_converter_msgs/hook/ld_library_path_lib.dsv'
[5.176s] INFO:colcon.colcon_core.shell:Creating environment hook '/home/dgut/code/Nazarite/install/costmap_converter_msgs/share/costmap_converter_msgs/hook/ld_library_path_lib.sh'
[5.176s] Level 1:colcon.colcon_core.environment:checking '/home/dgut/code/Nazarite/install/costmap_converter_msgs/bin'
[5.176s] Level 1:colcon.colcon_core.environment:checking '/home/dgut/code/Nazarite/install/costmap_converter_msgs/lib/pkgconfig/costmap_converter_msgs.pc'
[5.176s] Level 1:colcon.colcon_core.environment:checking '/home/dgut/code/Nazarite/install/costmap_converter_msgs/lib/python3.10/site-packages'
[5.176s] Level 1:colcon.colcon_core.environment:checking '/home/dgut/code/Nazarite/install/costmap_converter_msgs/bin'
[5.177s] INFO:colcon.colcon_core.shell:Creating package script '/home/dgut/code/Nazarite/install/costmap_converter_msgs/share/costmap_converter_msgs/package.ps1'
[5.177s] INFO:colcon.colcon_core.shell:Creating package descriptor '/home/dgut/code/Nazarite/install/costmap_converter_msgs/share/costmap_converter_msgs/package.dsv'
[5.178s] INFO:colcon.colcon_core.shell:Creating package script '/home/dgut/code/Nazarite/install/costmap_converter_msgs/share/costmap_converter_msgs/package.sh'
[5.178s] INFO:colcon.colcon_core.shell:Creating package script '/home/dgut/code/Nazarite/install/costmap_converter_msgs/share/costmap_converter_msgs/package.bash'
[5.178s] INFO:colcon.colcon_core.shell:Creating package script '/home/dgut/code/Nazarite/install/costmap_converter_msgs/share/costmap_converter_msgs/package.zsh'
[5.179s] Level 1:colcon.colcon_core.environment:create_file_with_runtime_dependencies(/home/dgut/code/Nazarite/install/costmap_converter_msgs/share/colcon-core/packages/costmap_converter_msgs)
[5.179s] Level 1:colcon.colcon_core.environment:create_environment_scripts_only(costmap_converter_msgs)
[5.179s] Level 1:colcon.colcon_core.environment:checking '/home/dgut/code/Nazarite/install/costmap_converter_msgs' for CMake module files
[5.180s] Level 1:colcon.colcon_core.environment:checking '/home/dgut/code/Nazarite/install/costmap_converter_msgs' for CMake config files
[5.181s] Level 1:colcon.colcon_core.shell:create_environment_hook('costmap_converter_msgs', 'cmake_prefix_path')
[5.181s] INFO:colcon.colcon_core.shell:Creating environment hook '/home/dgut/code/Nazarite/install/costmap_converter_msgs/share/costmap_converter_msgs/hook/cmake_prefix_path.ps1'
[5.182s] INFO:colcon.colcon_core.shell:Creating environment descriptor '/home/dgut/code/Nazarite/install/costmap_converter_msgs/share/costmap_converter_msgs/hook/cmake_prefix_path.dsv'
[5.182s] INFO:colcon.colcon_core.shell:Creating environment hook '/home/dgut/code/Nazarite/install/costmap_converter_msgs/share/costmap_converter_msgs/hook/cmake_prefix_path.sh'
[5.182s] Level 1:colcon.colcon_core.environment:checking '/home/dgut/code/Nazarite/install/costmap_converter_msgs/lib'
[5.183s] Level 1:colcon.colcon_core.shell:create_environment_hook('costmap_converter_msgs', 'ld_library_path_lib')
[5.183s] INFO:colcon.colcon_core.shell:Creating environment hook '/home/dgut/code/Nazarite/install/costmap_converter_msgs/share/costmap_converter_msgs/hook/ld_library_path_lib.ps1'
[5.183s] INFO:colcon.colcon_core.shell:Creating environment descriptor '/home/dgut/code/Nazarite/install/costmap_converter_msgs/share/costmap_converter_msgs/hook/ld_library_path_lib.dsv'
[5.184s] INFO:colcon.colcon_core.shell:Creating environment hook '/home/dgut/code/Nazarite/install/costmap_converter_msgs/share/costmap_converter_msgs/hook/ld_library_path_lib.sh'
[5.184s] Level 1:colcon.colcon_core.environment:checking '/home/dgut/code/Nazarite/install/costmap_converter_msgs/bin'
[5.184s] Level 1:colcon.colcon_core.environment:checking '/home/dgut/code/Nazarite/install/costmap_converter_msgs/lib/pkgconfig/costmap_converter_msgs.pc'
[5.184s] Level 1:colcon.colcon_core.environment:checking '/home/dgut/code/Nazarite/install/costmap_converter_msgs/lib/python3.10/site-packages'
[5.185s] Level 1:colcon.colcon_core.environment:checking '/home/dgut/code/Nazarite/install/costmap_converter_msgs/bin'
[5.185s] INFO:colcon.colcon_core.shell:Creating package script '/home/dgut/code/Nazarite/install/costmap_converter_msgs/share/costmap_converter_msgs/package.ps1'
[5.185s] INFO:colcon.colcon_core.shell:Creating package descriptor '/home/dgut/code/Nazarite/install/costmap_converter_msgs/share/costmap_converter_msgs/package.dsv'
[5.186s] INFO:colcon.colcon_core.shell:Creating package script '/home/dgut/code/Nazarite/install/costmap_converter_msgs/share/costmap_converter_msgs/package.sh'
[5.186s] INFO:colcon.colcon_core.shell:Creating package script '/home/dgut/code/Nazarite/install/costmap_converter_msgs/share/costmap_converter_msgs/package.bash'
[5.188s] INFO:colcon.colcon_core.shell:Creating package script '/home/dgut/code/Nazarite/install/costmap_converter_msgs/share/costmap_converter_msgs/package.zsh'
[5.188s] Level 1:colcon.colcon_core.environment:create_file_with_runtime_dependencies(/home/dgut/code/Nazarite/install/costmap_converter_msgs/share/colcon-core/packages/costmap_converter_msgs)
[5.190s] INFO:colcon.colcon_ros.task.ament_cmake.build:Building ROS package in '/home/dgut/code/Nazarite/src/costmap_converter/costmap_converter' with build type 'ament_cmake'
[5.190s] INFO:colcon.colcon_cmake.task.cmake.build:Building CMake package in '/home/dgut/code/Nazarite/src/costmap_converter/costmap_converter'
[5.190s] INFO:colcon.colcon_core.shell:Skip shell extension 'powershell' for command environment: Not usable outside of PowerShell
[5.190s] DEBUG:colcon.colcon_core.shell:Skip shell extension 'dsv' for command environment
[5.196s] INFO:colcon.colcon_ros.task.ament_cmake.build:Building ROS package in '/home/dgut/code/Nazarite/src/teb_local_planner/teb_msgs' with build type 'ament_cmake'
[5.196s] INFO:colcon.colcon_cmake.task.cmake.build:Building CMake package in '/home/dgut/code/Nazarite/src/teb_local_planner/teb_msgs'
[5.197s] INFO:colcon.colcon_core.shell:Skip shell extension 'powershell' for command environment: Not usable outside of PowerShell
[5.197s] DEBUG:colcon.colcon_core.shell:Skip shell extension 'dsv' for command environment
[5.211s] DEBUG:colcon.colcon_core.event_handler.log_command:Invoking command in '/home/dgut/code/Nazarite/build/costmap_converter': AMENT_PREFIX_PATH=/home/dgut/code/Nazarite/install/costmap_converter_msgs:${AMENT_PREFIX_PATH} CMAKE_PREFIX_PATH=/home/dgut/code/Nazarite/install/costmap_converter_msgs:/opt/ros/humble LD_LIBRARY_PATH=/home/dgut/code/Nazarite/install/costmap_converter_msgs/lib:${LD_LIBRARY_PATH} PYTHONPATH=/home/dgut/code/Nazarite/install/costmap_converter_msgs/local/lib/python3.10/dist-packages:${PYTHONPATH} /usr/bin/cmake /home/dgut/code/Nazarite/src/costmap_converter/costmap_converter -DAMENT_CMAKE_SYMLINK_INSTALL=1 -DCMAKE_INSTALL_PREFIX=/home/dgut/code/Nazarite/install/costmap_converter
[5.215s] DEBUG:colcon.colcon_core.event_handler.log_command:Invoking command in '/home/dgut/code/Nazarite/build/teb_msgs': AMENT_PREFIX_PATH=/home/dgut/code/Nazarite/install/costmap_converter_msgs:${AMENT_PREFIX_PATH} CMAKE_PREFIX_PATH=/home/dgut/code/Nazarite/install/costmap_converter_msgs:/opt/ros/humble LD_LIBRARY_PATH=/home/dgut/code/Nazarite/install/costmap_converter_msgs/lib:${LD_LIBRARY_PATH} PYTHONPATH=/home/dgut/code/Nazarite/install/costmap_converter_msgs/local/lib/python3.10/dist-packages:${PYTHONPATH} /usr/bin/cmake /home/dgut/code/Nazarite/src/teb_local_planner/teb_msgs -DAMENT_CMAKE_SYMLINK_INSTALL=1 -DCMAKE_INSTALL_PREFIX=/home/dgut/code/Nazarite/install/teb_msgs
[6.710s] DEBUG:colcon.colcon_core.event_handler.log_command:Invoked command in '/home/dgut/code/Nazarite/build/rc_serial' returned '0': CMAKE_PREFIX_PATH=/opt/ros/humble /usr/bin/cmake --build /home/dgut/code/Nazarite/build/rc_serial -- -j16 -l16
[6.710s] DEBUG:colcon.colcon_core.event_handler.log_command:Invoking command in '/home/dgut/code/Nazarite/build/rc_serial': CMAKE_PREFIX_PATH=/opt/ros/humble /usr/bin/cmake --install /home/dgut/code/Nazarite/build/rc_serial
[7.110s] Level 1:colcon.colcon_core.environment:create_environment_scripts_only(rc_serial)
[7.110s] Level 1:colcon.colcon_core.environment:checking '/home/dgut/code/Nazarite/install/rc_serial' for CMake module files
[7.110s] Level 1:colcon.colcon_core.environment:checking '/home/dgut/code/Nazarite/install/rc_serial' for CMake config files
[7.111s] Level 1:colcon.colcon_core.shell:create_environment_hook('rc_serial', 'cmake_prefix_path')
[7.111s] INFO:colcon.colcon_core.shell:Creating environment hook '/home/dgut/code/Nazarite/install/rc_serial/share/rc_serial/hook/cmake_prefix_path.ps1'
[7.111s] INFO:colcon.colcon_core.shell:Creating environment descriptor '/home/dgut/code/Nazarite/install/rc_serial/share/rc_serial/hook/cmake_prefix_path.dsv'
[7.112s] INFO:colcon.colcon_core.shell:Creating environment hook '/home/dgut/code/Nazarite/install/rc_serial/share/rc_serial/hook/cmake_prefix_path.sh'
[7.112s] Level 1:colcon.colcon_core.environment:checking '/home/dgut/code/Nazarite/install/rc_serial/lib'
[7.112s] Level 1:colcon.colcon_core.environment:checking '/home/dgut/code/Nazarite/install/rc_serial/bin'
[7.115s] Level 1:colcon.colcon_core.environment:checking '/home/dgut/code/Nazarite/install/rc_serial/lib/pkgconfig/rc_serial.pc'
[7.116s] Level 1:colcon.colcon_core.environment:checking '/home/dgut/code/Nazarite/install/rc_serial/lib/python3.10/site-packages'
[7.116s] Level 1:colcon.colcon_core.environment:checking '/home/dgut/code/Nazarite/install/rc_serial/bin'
[7.117s] INFO:colcon.colcon_core.shell:Creating package script '/home/dgut/code/Nazarite/install/rc_serial/share/rc_serial/package.ps1'
[7.117s] INFO:colcon.colcon_core.shell:Creating package descriptor '/home/dgut/code/Nazarite/install/rc_serial/share/rc_serial/package.dsv'
[7.118s] INFO:colcon.colcon_core.shell:Creating package script '/home/dgut/code/Nazarite/install/rc_serial/share/rc_serial/package.sh'
[7.118s] INFO:colcon.colcon_core.shell:Creating package script '/home/dgut/code/Nazarite/install/rc_serial/share/rc_serial/package.bash'
[7.118s] INFO:colcon.colcon_core.shell:Creating package script '/home/dgut/code/Nazarite/install/rc_serial/share/rc_serial/package.zsh'
[7.118s] Level 1:colcon.colcon_core.environment:create_file_with_runtime_dependencies(/home/dgut/code/Nazarite/install/rc_serial/share/colcon-core/packages/rc_serial)
[7.119s] Level 1:colcon.colcon_core.environment:create_environment_scripts_only(rc_serial)
[7.119s] Level 1:colcon.colcon_core.environment:checking '/home/dgut/code/Nazarite/install/rc_serial' for CMake module files
[7.116s] DEBUG:colcon.colcon_core.event_handler.log_command:Invoked command in '/home/dgut/code/Nazarite/build/rc_serial' returned '0': CMAKE_PREFIX_PATH=/opt/ros/humble /usr/bin/cmake --install /home/dgut/code/Nazarite/build/rc_serial
[7.123s] Level 1:colcon.colcon_core.environment:checking '/home/dgut/code/Nazarite/install/rc_serial' for CMake config files
[7.123s] Level 1:colcon.colcon_core.shell:create_environment_hook('rc_serial', 'cmake_prefix_path')
[7.123s] INFO:colcon.colcon_core.shell:Creating environment hook '/home/dgut/code/Nazarite/install/rc_serial/share/rc_serial/hook/cmake_prefix_path.ps1'
[7.124s] INFO:colcon.colcon_core.shell:Creating environment descriptor '/home/dgut/code/Nazarite/install/rc_serial/share/rc_serial/hook/cmake_prefix_path.dsv'
[7.124s] INFO:colcon.colcon_core.shell:Creating environment hook '/home/dgut/code/Nazarite/install/rc_serial/share/rc_serial/hook/cmake_prefix_path.sh'
[7.125s] Level 1:colcon.colcon_core.environment:checking '/home/dgut/code/Nazarite/install/rc_serial/lib'
[7.125s] Level 1:colcon.colcon_core.environment:checking '/home/dgut/code/Nazarite/install/rc_serial/bin'
[7.125s] Level 1:colcon.colcon_core.environment:checking '/home/dgut/code/Nazarite/install/rc_serial/lib/pkgconfig/rc_serial.pc'
[7.125s] Level 1:colcon.colcon_core.environment:checking '/home/dgut/code/Nazarite/install/rc_serial/lib/python3.10/site-packages'
[7.125s] Level 1:colcon.colcon_core.environment:checking '/home/dgut/code/Nazarite/install/rc_serial/bin'
[7.128s] INFO:colcon.colcon_core.shell:Creating package script '/home/dgut/code/Nazarite/install/rc_serial/share/rc_serial/package.ps1'
[7.128s] INFO:colcon.colcon_core.shell:Creating package descriptor '/home/dgut/code/Nazarite/install/rc_serial/share/rc_serial/package.dsv'
[7.129s] INFO:colcon.colcon_core.shell:Creating package script '/home/dgut/code/Nazarite/install/rc_serial/share/rc_serial/package.sh'
[7.129s] INFO:colcon.colcon_core.shell:Creating package script '/home/dgut/code/Nazarite/install/rc_serial/share/rc_serial/package.bash'
[7.129s] INFO:colcon.colcon_core.shell:Creating package script '/home/dgut/code/Nazarite/install/rc_serial/share/rc_serial/package.zsh'
[7.133s] Level 1:colcon.colcon_core.environment:create_file_with_runtime_dependencies(/home/dgut/code/Nazarite/install/rc_serial/share/colcon-core/packages/rc_serial)
[8.148s] DEBUG:colcon.colcon_core.event_handler.log_command:Invoked command in '/home/dgut/code/Nazarite/build/costmap_converter' returned '0': AMENT_PREFIX_PATH=/home/dgut/code/Nazarite/install/costmap_converter_msgs:${AMENT_PREFIX_PATH} CMAKE_PREFIX_PATH=/home/dgut/code/Nazarite/install/costmap_converter_msgs:/opt/ros/humble LD_LIBRARY_PATH=/home/dgut/code/Nazarite/install/costmap_converter_msgs/lib:${LD_LIBRARY_PATH} PYTHONPATH=/home/dgut/code/Nazarite/install/costmap_converter_msgs/local/lib/python3.10/dist-packages:${PYTHONPATH} /usr/bin/cmake /home/dgut/code/Nazarite/src/costmap_converter/costmap_converter -DAMENT_CMAKE_SYMLINK_INSTALL=1 -DCMAKE_INSTALL_PREFIX=/home/dgut/code/Nazarite/install/costmap_converter
[8.150s] DEBUG:colcon.colcon_core.event_handler.log_command:Invoking command in '/home/dgut/code/Nazarite/build/costmap_converter': AMENT_PREFIX_PATH=/home/dgut/code/Nazarite/install/costmap_converter_msgs:${AMENT_PREFIX_PATH} CMAKE_PREFIX_PATH=/home/dgut/code/Nazarite/install/costmap_converter_msgs:/opt/ros/humble LD_LIBRARY_PATH=/home/dgut/code/Nazarite/install/costmap_converter_msgs/lib:${LD_LIBRARY_PATH} PYTHONPATH=/home/dgut/code/Nazarite/install/costmap_converter_msgs/local/lib/python3.10/dist-packages:${PYTHONPATH} /usr/bin/cmake --build /home/dgut/code/Nazarite/build/costmap_converter -- -j16 -l16
[8.523s] DEBUG:colcon.colcon_core.event_handler.log_command:Invoked command in '/home/dgut/code/Nazarite/build/teb_msgs' returned '0': AMENT_PREFIX_PATH=/home/dgut/code/Nazarite/install/costmap_converter_msgs:${AMENT_PREFIX_PATH} CMAKE_PREFIX_PATH=/home/dgut/code/Nazarite/install/costmap_converter_msgs:/opt/ros/humble LD_LIBRARY_PATH=/home/dgut/code/Nazarite/install/costmap_converter_msgs/lib:${LD_LIBRARY_PATH} PYTHONPATH=/home/dgut/code/Nazarite/install/costmap_converter_msgs/local/lib/python3.10/dist-packages:${PYTHONPATH} /usr/bin/cmake /home/dgut/code/Nazarite/src/teb_local_planner/teb_msgs -DAMENT_CMAKE_SYMLINK_INSTALL=1 -DCMAKE_INSTALL_PREFIX=/home/dgut/code/Nazarite/install/teb_msgs
[8.524s] DEBUG:colcon.colcon_core.event_handler.log_command:Invoking command in '/home/dgut/code/Nazarite/build/teb_msgs': AMENT_PREFIX_PATH=/home/dgut/code/Nazarite/install/costmap_converter_msgs:${AMENT_PREFIX_PATH} CMAKE_PREFIX_PATH=/home/dgut/code/Nazarite/install/costmap_converter_msgs:/opt/ros/humble LD_LIBRARY_PATH=/home/dgut/code/Nazarite/install/costmap_converter_msgs/lib:${LD_LIBRARY_PATH} PYTHONPATH=/home/dgut/code/Nazarite/install/costmap_converter_msgs/local/lib/python3.10/dist-packages:${PYTHONPATH} /usr/bin/cmake --build /home/dgut/code/Nazarite/build/teb_msgs -- -j16 -l16
[14.104s] DEBUG:colcon.colcon_core.event_handler.log_command:Invoked command in '/home/dgut/code/Nazarite/build/teb_msgs' returned '0': AMENT_PREFIX_PATH=/home/dgut/code/Nazarite/install/costmap_converter_msgs:${AMENT_PREFIX_PATH} CMAKE_PREFIX_PATH=/home/dgut/code/Nazarite/install/costmap_converter_msgs:/opt/ros/humble LD_LIBRARY_PATH=/home/dgut/code/Nazarite/install/costmap_converter_msgs/lib:${LD_LIBRARY_PATH} PYTHONPATH=/home/dgut/code/Nazarite/install/costmap_converter_msgs/local/lib/python3.10/dist-packages:${PYTHONPATH} /usr/bin/cmake --build /home/dgut/code/Nazarite/build/teb_msgs -- -j16 -l16
[14.106s] DEBUG:colcon.colcon_core.event_handler.log_command:Invoking command in '/home/dgut/code/Nazarite/build/teb_msgs': AMENT_PREFIX_PATH=/home/dgut/code/Nazarite/install/costmap_converter_msgs:${AMENT_PREFIX_PATH} CMAKE_PREFIX_PATH=/home/dgut/code/Nazarite/install/costmap_converter_msgs:/opt/ros/humble LD_LIBRARY_PATH=/home/dgut/code/Nazarite/install/costmap_converter_msgs/lib:${LD_LIBRARY_PATH} PYTHONPATH=/home/dgut/code/Nazarite/install/costmap_converter_msgs/local/lib/python3.10/dist-packages:${PYTHONPATH} /usr/bin/cmake --install /home/dgut/code/Nazarite/build/teb_msgs
[16.538s] Level 1:colcon.colcon_core.environment:create_environment_scripts_only(teb_msgs)
[16.538s] Level 1:colcon.colcon_core.environment:checking '/home/dgut/code/Nazarite/install/teb_msgs' for CMake module files
[16.539s] DEBUG:colcon.colcon_core.event_handler.log_command:Invoked command in '/home/dgut/code/Nazarite/build/teb_msgs' returned '0': AMENT_PREFIX_PATH=/home/dgut/code/Nazarite/install/costmap_converter_msgs:${AMENT_PREFIX_PATH} CMAKE_PREFIX_PATH=/home/dgut/code/Nazarite/install/costmap_converter_msgs:/opt/ros/humble LD_LIBRARY_PATH=/home/dgut/code/Nazarite/install/costmap_converter_msgs/lib:${LD_LIBRARY_PATH} PYTHONPATH=/home/dgut/code/Nazarite/install/costmap_converter_msgs/local/lib/python3.10/dist-packages:${PYTHONPATH} /usr/bin/cmake --install /home/dgut/code/Nazarite/build/teb_msgs
[16.540s] Level 1:colcon.colcon_core.environment:checking '/home/dgut/code/Nazarite/install/teb_msgs' for CMake config files
[16.541s] Level 1:colcon.colcon_core.shell:create_environment_hook('teb_msgs', 'cmake_prefix_path')
[16.541s] INFO:colcon.colcon_core.shell:Creating environment hook '/home/dgut/code/Nazarite/install/teb_msgs/share/teb_msgs/hook/cmake_prefix_path.ps1'
[16.541s] INFO:colcon.colcon_core.shell:Creating environment descriptor '/home/dgut/code/Nazarite/install/teb_msgs/share/teb_msgs/hook/cmake_prefix_path.dsv'
[16.542s] INFO:colcon.colcon_core.shell:Creating environment hook '/home/dgut/code/Nazarite/install/teb_msgs/share/teb_msgs/hook/cmake_prefix_path.sh'
[16.542s] Level 1:colcon.colcon_core.environment:checking '/home/dgut/code/Nazarite/install/teb_msgs/lib'
[16.543s] Level 1:colcon.colcon_core.shell:create_environment_hook('teb_msgs', 'ld_library_path_lib')
[16.543s] INFO:colcon.colcon_core.shell:Creating environment hook '/home/dgut/code/Nazarite/install/teb_msgs/share/teb_msgs/hook/ld_library_path_lib.ps1'
[16.543s] INFO:colcon.colcon_core.shell:Creating environment descriptor '/home/dgut/code/Nazarite/install/teb_msgs/share/teb_msgs/hook/ld_library_path_lib.dsv'
[16.543s] INFO:colcon.colcon_core.shell:Creating environment hook '/home/dgut/code/Nazarite/install/teb_msgs/share/teb_msgs/hook/ld_library_path_lib.sh'
[16.544s] Level 1:colcon.colcon_core.environment:checking '/home/dgut/code/Nazarite/install/teb_msgs/bin'
[16.544s] Level 1:colcon.colcon_core.environment:checking '/home/dgut/code/Nazarite/install/teb_msgs/lib/pkgconfig/teb_msgs.pc'
[16.544s] Level 1:colcon.colcon_core.environment:checking '/home/dgut/code/Nazarite/install/teb_msgs/lib/python3.10/site-packages'
[16.544s] Level 1:colcon.colcon_core.environment:checking '/home/dgut/code/Nazarite/install/teb_msgs/bin'
[16.545s] INFO:colcon.colcon_core.shell:Creating package script '/home/dgut/code/Nazarite/install/teb_msgs/share/teb_msgs/package.ps1'
[16.545s] INFO:colcon.colcon_core.shell:Creating package descriptor '/home/dgut/code/Nazarite/install/teb_msgs/share/teb_msgs/package.dsv'
[16.546s] INFO:colcon.colcon_core.shell:Creating package script '/home/dgut/code/Nazarite/install/teb_msgs/share/teb_msgs/package.sh'
[16.546s] INFO:colcon.colcon_core.shell:Creating package script '/home/dgut/code/Nazarite/install/teb_msgs/share/teb_msgs/package.bash'
[16.547s] INFO:colcon.colcon_core.shell:Creating package script '/home/dgut/code/Nazarite/install/teb_msgs/share/teb_msgs/package.zsh'
[16.547s] Level 1:colcon.colcon_core.environment:create_file_with_runtime_dependencies(/home/dgut/code/Nazarite/install/teb_msgs/share/colcon-core/packages/teb_msgs)
[16.548s] Level 1:colcon.colcon_core.environment:create_environment_scripts_only(teb_msgs)
[16.548s] Level 1:colcon.colcon_core.environment:checking '/home/dgut/code/Nazarite/install/teb_msgs' for CMake module files
[16.549s] Level 1:colcon.colcon_core.environment:checking '/home/dgut/code/Nazarite/install/teb_msgs' for CMake config files
[16.550s] Level 1:colcon.colcon_core.shell:create_environment_hook('teb_msgs', 'cmake_prefix_path')
[16.550s] INFO:colcon.colcon_core.shell:Creating environment hook '/home/dgut/code/Nazarite/install/teb_msgs/share/teb_msgs/hook/cmake_prefix_path.ps1'
[16.551s] INFO:colcon.colcon_core.shell:Creating environment descriptor '/home/dgut/code/Nazarite/install/teb_msgs/share/teb_msgs/hook/cmake_prefix_path.dsv'
[16.551s] INFO:colcon.colcon_core.shell:Creating environment hook '/home/dgut/code/Nazarite/install/teb_msgs/share/teb_msgs/hook/cmake_prefix_path.sh'
[16.552s] Level 1:colcon.colcon_core.environment:checking '/home/dgut/code/Nazarite/install/teb_msgs/lib'
[16.552s] Level 1:colcon.colcon_core.shell:create_environment_hook('teb_msgs', 'ld_library_path_lib')
[16.552s] INFO:colcon.colcon_core.shell:Creating environment hook '/home/dgut/code/Nazarite/install/teb_msgs/share/teb_msgs/hook/ld_library_path_lib.ps1'
[16.553s] INFO:colcon.colcon_core.shell:Creating environment descriptor '/home/dgut/code/Nazarite/install/teb_msgs/share/teb_msgs/hook/ld_library_path_lib.dsv'
[16.553s] INFO:colcon.colcon_core.shell:Creating environment hook '/home/dgut/code/Nazarite/install/teb_msgs/share/teb_msgs/hook/ld_library_path_lib.sh'
[16.553s] Level 1:colcon.colcon_core.environment:checking '/home/dgut/code/Nazarite/install/teb_msgs/bin'
[16.553s] Level 1:colcon.colcon_core.environment:checking '/home/dgut/code/Nazarite/install/teb_msgs/lib/pkgconfig/teb_msgs.pc'
[16.554s] Level 1:colcon.colcon_core.environment:checking '/home/dgut/code/Nazarite/install/teb_msgs/lib/python3.10/site-packages'
[16.554s] Level 1:colcon.colcon_core.environment:checking '/home/dgut/code/Nazarite/install/teb_msgs/bin'
[16.554s] INFO:colcon.colcon_core.shell:Creating package script '/home/dgut/code/Nazarite/install/teb_msgs/share/teb_msgs/package.ps1'
[16.555s] INFO:colcon.colcon_core.shell:Creating package descriptor '/home/dgut/code/Nazarite/install/teb_msgs/share/teb_msgs/package.dsv'
[16.556s] INFO:colcon.colcon_core.shell:Creating package script '/home/dgut/code/Nazarite/install/teb_msgs/share/teb_msgs/package.sh'
[16.556s] INFO:colcon.colcon_core.shell:Creating package script '/home/dgut/code/Nazarite/install/teb_msgs/share/teb_msgs/package.bash'
[16.557s] INFO:colcon.colcon_core.shell:Creating package script '/home/dgut/code/Nazarite/install/teb_msgs/share/teb_msgs/package.zsh'
[16.557s] Level 1:colcon.colcon_core.environment:create_file_with_runtime_dependencies(/home/dgut/code/Nazarite/install/teb_msgs/share/colcon-core/packages/teb_msgs)
[19.451s] DEBUG:colcon.colcon_core.event_handler.log_command:Invoked command in '/home/dgut/code/Nazarite/build/livox_ros_driver2' returned '0': CMAKE_PREFIX_PATH=/opt/ros/humble /usr/bin/cmake --build /home/dgut/code/Nazarite/build/livox_ros_driver2 -- -j16 -l16
[19.452s] DEBUG:colcon.colcon_core.event_handler.log_command:Invoking command in '/home/dgut/code/Nazarite/build/livox_ros_driver2': CMAKE_PREFIX_PATH=/opt/ros/humble /usr/bin/cmake --install /home/dgut/code/Nazarite/build/livox_ros_driver2
[20.824s] Level 1:colcon.colcon_core.environment:create_environment_scripts_only(livox_ros_driver2)
[20.825s] Level 1:colcon.colcon_core.environment:checking '/home/dgut/code/Nazarite/install/livox_ros_driver2' for CMake module files
[20.826s] DEBUG:colcon.colcon_core.event_handler.log_command:Invoked command in '/home/dgut/code/Nazarite/build/livox_ros_driver2' returned '0': CMAKE_PREFIX_PATH=/opt/ros/humble /usr/bin/cmake --install /home/dgut/code/Nazarite/build/livox_ros_driver2
[20.826s] Level 1:colcon.colcon_core.environment:checking '/home/dgut/code/Nazarite/install/livox_ros_driver2' for CMake config files
[20.827s] Level 1:colcon.colcon_core.shell:create_environment_hook('livox_ros_driver2', 'cmake_prefix_path')
[20.827s] INFO:colcon.colcon_core.shell:Creating environment hook '/home/dgut/code/Nazarite/install/livox_ros_driver2/share/livox_ros_driver2/hook/cmake_prefix_path.ps1'
[20.827s] INFO:colcon.colcon_core.shell:Creating environment descriptor '/home/dgut/code/Nazarite/install/livox_ros_driver2/share/livox_ros_driver2/hook/cmake_prefix_path.dsv'
[20.827s] INFO:colcon.colcon_core.shell:Creating environment hook '/home/dgut/code/Nazarite/install/livox_ros_driver2/share/livox_ros_driver2/hook/cmake_prefix_path.sh'
[20.828s] Level 1:colcon.colcon_core.environment:checking '/home/dgut/code/Nazarite/install/livox_ros_driver2/lib'
[20.828s] Level 1:colcon.colcon_core.shell:create_environment_hook('livox_ros_driver2', 'ld_library_path_lib')
[20.828s] INFO:colcon.colcon_core.shell:Creating environment hook '/home/dgut/code/Nazarite/install/livox_ros_driver2/share/livox_ros_driver2/hook/ld_library_path_lib.ps1'
[20.828s] INFO:colcon.colcon_core.shell:Creating environment descriptor '/home/dgut/code/Nazarite/install/livox_ros_driver2/share/livox_ros_driver2/hook/ld_library_path_lib.dsv'
[20.829s] INFO:colcon.colcon_core.shell:Creating environment hook '/home/dgut/code/Nazarite/install/livox_ros_driver2/share/livox_ros_driver2/hook/ld_library_path_lib.sh'
[20.829s] Level 1:colcon.colcon_core.environment:checking '/home/dgut/code/Nazarite/install/livox_ros_driver2/bin'
[20.829s] Level 1:colcon.colcon_core.environment:checking '/home/dgut/code/Nazarite/install/livox_ros_driver2/lib/pkgconfig/livox_ros_driver2.pc'
[20.829s] Level 1:colcon.colcon_core.environment:checking '/home/dgut/code/Nazarite/install/livox_ros_driver2/lib/python3.10/site-packages'
[20.829s] Level 1:colcon.colcon_core.environment:checking '/home/dgut/code/Nazarite/install/livox_ros_driver2/bin'
[20.830s] INFO:colcon.colcon_core.shell:Creating package script '/home/dgut/code/Nazarite/install/livox_ros_driver2/share/livox_ros_driver2/package.ps1'
[20.830s] INFO:colcon.colcon_core.shell:Creating package descriptor '/home/dgut/code/Nazarite/install/livox_ros_driver2/share/livox_ros_driver2/package.dsv'
[20.830s] INFO:colcon.colcon_core.shell:Creating package script '/home/dgut/code/Nazarite/install/livox_ros_driver2/share/livox_ros_driver2/package.sh'
[20.831s] INFO:colcon.colcon_core.shell:Creating package script '/home/dgut/code/Nazarite/install/livox_ros_driver2/share/livox_ros_driver2/package.bash'
[20.831s] INFO:colcon.colcon_core.shell:Creating package script '/home/dgut/code/Nazarite/install/livox_ros_driver2/share/livox_ros_driver2/package.zsh'
[20.831s] Level 1:colcon.colcon_core.environment:create_file_with_runtime_dependencies(/home/dgut/code/Nazarite/install/livox_ros_driver2/share/colcon-core/packages/livox_ros_driver2)
[20.832s] Level 1:colcon.colcon_core.environment:create_environment_scripts_only(livox_ros_driver2)
[20.832s] Level 1:colcon.colcon_core.environment:checking '/home/dgut/code/Nazarite/install/livox_ros_driver2' for CMake module files
[20.832s] Level 1:colcon.colcon_core.environment:checking '/home/dgut/code/Nazarite/install/livox_ros_driver2' for CMake config files
[20.833s] Level 1:colcon.colcon_core.shell:create_environment_hook('livox_ros_driver2', 'cmake_prefix_path')
[20.833s] INFO:colcon.colcon_core.shell:Creating environment hook '/home/dgut/code/Nazarite/install/livox_ros_driver2/share/livox_ros_driver2/hook/cmake_prefix_path.ps1'
[20.834s] INFO:colcon.colcon_core.shell:Creating environment descriptor '/home/dgut/code/Nazarite/install/livox_ros_driver2/share/livox_ros_driver2/hook/cmake_prefix_path.dsv'
[20.834s] INFO:colcon.colcon_core.shell:Creating environment hook '/home/dgut/code/Nazarite/install/livox_ros_driver2/share/livox_ros_driver2/hook/cmake_prefix_path.sh'
[20.835s] Level 1:colcon.colcon_core.environment:checking '/home/dgut/code/Nazarite/install/livox_ros_driver2/lib'
[20.835s] Level 1:colcon.colcon_core.shell:create_environment_hook('livox_ros_driver2', 'ld_library_path_lib')
[20.835s] INFO:colcon.colcon_core.shell:Creating environment hook '/home/dgut/code/Nazarite/install/livox_ros_driver2/share/livox_ros_driver2/hook/ld_library_path_lib.ps1'
[20.835s] INFO:colcon.colcon_core.shell:Creating environment descriptor '/home/dgut/code/Nazarite/install/livox_ros_driver2/share/livox_ros_driver2/hook/ld_library_path_lib.dsv'
[20.836s] INFO:colcon.colcon_core.shell:Creating environment hook '/home/dgut/code/Nazarite/install/livox_ros_driver2/share/livox_ros_driver2/hook/ld_library_path_lib.sh'
[20.836s] Level 1:colcon.colcon_core.environment:checking '/home/dgut/code/Nazarite/install/livox_ros_driver2/bin'
[20.836s] Level 1:colcon.colcon_core.environment:checking '/home/dgut/code/Nazarite/install/livox_ros_driver2/lib/pkgconfig/livox_ros_driver2.pc'
[20.836s] Level 1:colcon.colcon_core.environment:checking '/home/dgut/code/Nazarite/install/livox_ros_driver2/lib/python3.10/site-packages'
[20.837s] Level 1:colcon.colcon_core.environment:checking '/home/dgut/code/Nazarite/install/livox_ros_driver2/bin'
[20.837s] INFO:colcon.colcon_core.shell:Creating package script '/home/dgut/code/Nazarite/install/livox_ros_driver2/share/livox_ros_driver2/package.ps1'
[20.837s] INFO:colcon.colcon_core.shell:Creating package descriptor '/home/dgut/code/Nazarite/install/livox_ros_driver2/share/livox_ros_driver2/package.dsv'
[20.838s] INFO:colcon.colcon_core.shell:Creating package script '/home/dgut/code/Nazarite/install/livox_ros_driver2/share/livox_ros_driver2/package.sh'
[20.838s] INFO:colcon.colcon_core.shell:Creating package script '/home/dgut/code/Nazarite/install/livox_ros_driver2/share/livox_ros_driver2/package.bash'
[20.838s] INFO:colcon.colcon_core.shell:Creating package script '/home/dgut/code/Nazarite/install/livox_ros_driver2/share/livox_ros_driver2/package.zsh'
[20.839s] Level 1:colcon.colcon_core.environment:create_file_with_runtime_dependencies(/home/dgut/code/Nazarite/install/livox_ros_driver2/share/colcon-core/packages/livox_ros_driver2)
[20.839s] INFO:colcon.colcon_ros.task.ament_cmake.build:Building ROS package in '/home/dgut/code/Nazarite/src/fast_lio' with build type 'ament_cmake'
[20.839s] INFO:colcon.colcon_cmake.task.cmake.build:Building CMake package in '/home/dgut/code/Nazarite/src/fast_lio'
[20.840s] INFO:colcon.colcon_core.shell:Skip shell extension 'powershell' for command environment: Not usable outside of PowerShell
[20.840s] DEBUG:colcon.colcon_core.shell:Skip shell extension 'dsv' for command environment
[20.842s] INFO:colcon.colcon_ros.task.ament_cmake.build:Building ROS package in '/home/dgut/code/Nazarite/src/point_lio' with build type 'ament_cmake'
[20.842s] INFO:colcon.colcon_cmake.task.cmake.build:Building CMake package in '/home/dgut/code/Nazarite/src/point_lio'
[20.842s] INFO:colcon.colcon_core.shell:Skip shell extension 'powershell' for command environment: Not usable outside of PowerShell
[20.843s] DEBUG:colcon.colcon_core.shell:Skip shell extension 'dsv' for command environment
[20.849s] DEBUG:colcon.colcon_core.event_handler.log_command:Invoking command in '/home/dgut/code/Nazarite/build/fast_lio': AMENT_PREFIX_PATH=/home/dgut/code/Nazarite/install/livox_ros_driver2:${AMENT_PREFIX_PATH} CMAKE_PREFIX_PATH=/home/dgut/code/Nazarite/install/livox_ros_driver2:/opt/ros/humble LD_LIBRARY_PATH=/home/dgut/code/Nazarite/install/livox_ros_driver2/lib:${LD_LIBRARY_PATH} PYTHONPATH=/home/dgut/code/Nazarite/install/livox_ros_driver2/local/lib/python3.10/dist-packages:${PYTHONPATH} /usr/bin/cmake /home/dgut/code/Nazarite/src/fast_lio -DAMENT_CMAKE_SYMLINK_INSTALL=1 -DCMAKE_INSTALL_PREFIX=/home/dgut/code/Nazarite/install/fast_lio
[20.850s] DEBUG:colcon.colcon_core.event_handler.log_command:Invoking command in '/home/dgut/code/Nazarite/build/point_lio': AMENT_PREFIX_PATH=/home/dgut/code/Nazarite/install/livox_ros_driver2:${AMENT_PREFIX_PATH} CMAKE_PREFIX_PATH=/home/dgut/code/Nazarite/install/livox_ros_driver2:/opt/ros/humble LD_LIBRARY_PATH=/home/dgut/code/Nazarite/install/livox_ros_driver2/lib:${LD_LIBRARY_PATH} PYTHONPATH=/home/dgut/code/Nazarite/install/livox_ros_driver2/local/lib/python3.10/dist-packages:${PYTHONPATH} /usr/bin/cmake /home/dgut/code/Nazarite/src/point_lio -DAMENT_CMAKE_SYMLINK_INSTALL=1 -DCMAKE_INSTALL_PREFIX=/home/dgut/code/Nazarite/install/point_lio
[23.672s] DEBUG:colcon.colcon_core.event_handler.log_command:Invoked command in '/home/dgut/code/Nazarite/build/point_lio' returned '0': AMENT_PREFIX_PATH=/home/dgut/code/Nazarite/install/livox_ros_driver2:${AMENT_PREFIX_PATH} CMAKE_PREFIX_PATH=/home/dgut/code/Nazarite/install/livox_ros_driver2:/opt/ros/humble LD_LIBRARY_PATH=/home/dgut/code/Nazarite/install/livox_ros_driver2/lib:${LD_LIBRARY_PATH} PYTHONPATH=/home/dgut/code/Nazarite/install/livox_ros_driver2/local/lib/python3.10/dist-packages:${PYTHONPATH} /usr/bin/cmake /home/dgut/code/Nazarite/src/point_lio -DAMENT_CMAKE_SYMLINK_INSTALL=1 -DCMAKE_INSTALL_PREFIX=/home/dgut/code/Nazarite/install/point_lio
[23.674s] DEBUG:colcon.colcon_core.event_handler.log_command:Invoking command in '/home/dgut/code/Nazarite/build/point_lio': AMENT_PREFIX_PATH=/home/dgut/code/Nazarite/install/livox_ros_driver2:${AMENT_PREFIX_PATH} CMAKE_PREFIX_PATH=/home/dgut/code/Nazarite/install/livox_ros_driver2:/opt/ros/humble LD_LIBRARY_PATH=/home/dgut/code/Nazarite/install/livox_ros_driver2/lib:${LD_LIBRARY_PATH} PYTHONPATH=/home/dgut/code/Nazarite/install/livox_ros_driver2/local/lib/python3.10/dist-packages:${PYTHONPATH} /usr/bin/cmake --build /home/dgut/code/Nazarite/build/point_lio -- -j16 -l16
[24.603s] DEBUG:colcon.colcon_core.event_handler.log_command:Invoked command in '/home/dgut/code/Nazarite/build/fast_lio' returned '0': AMENT_PREFIX_PATH=/home/dgut/code/Nazarite/install/livox_ros_driver2:${AMENT_PREFIX_PATH} CMAKE_PREFIX_PATH=/home/dgut/code/Nazarite/install/livox_ros_driver2:/opt/ros/humble LD_LIBRARY_PATH=/home/dgut/code/Nazarite/install/livox_ros_driver2/lib:${LD_LIBRARY_PATH} PYTHONPATH=/home/dgut/code/Nazarite/install/livox_ros_driver2/local/lib/python3.10/dist-packages:${PYTHONPATH} /usr/bin/cmake /home/dgut/code/Nazarite/src/fast_lio -DAMENT_CMAKE_SYMLINK_INSTALL=1 -DCMAKE_INSTALL_PREFIX=/home/dgut/code/Nazarite/install/fast_lio
[24.604s] DEBUG:colcon.colcon_core.event_handler.log_command:Invoking command in '/home/dgut/code/Nazarite/build/fast_lio': AMENT_PREFIX_PATH=/home/dgut/code/Nazarite/install/livox_ros_driver2:${AMENT_PREFIX_PATH} CMAKE_PREFIX_PATH=/home/dgut/code/Nazarite/install/livox_ros_driver2:/opt/ros/humble LD_LIBRARY_PATH=/home/dgut/code/Nazarite/install/livox_ros_driver2/lib:${LD_LIBRARY_PATH} PYTHONPATH=/home/dgut/code/Nazarite/install/livox_ros_driver2/local/lib/python3.10/dist-packages:${PYTHONPATH} /usr/bin/cmake --build /home/dgut/code/Nazarite/build/fast_lio -- -j16 -l16
[41.113s] DEBUG:colcon.colcon_core.event_handler.log_command:Invoked command in '/home/dgut/code/Nazarite/build/pointcloud_to_laserscan' returned '0': CMAKE_PREFIX_PATH=/opt/ros/humble /usr/bin/cmake --build /home/dgut/code/Nazarite/build/pointcloud_to_laserscan -- -j16 -l16
[41.114s] DEBUG:colcon.colcon_core.event_handler.log_command:Invoking command in '/home/dgut/code/Nazarite/build/pointcloud_to_laserscan': CMAKE_PREFIX_PATH=/opt/ros/humble /usr/bin/cmake --install /home/dgut/code/Nazarite/build/pointcloud_to_laserscan
[41.298s] DEBUG:colcon.colcon_core.event_handler.log_command:Invoked command in '/home/dgut/code/Nazarite/build/r2_mode1_bt' returned '0': CMAKE_PREFIX_PATH=/opt/ros/humble /usr/bin/cmake --build /home/dgut/code/Nazarite/build/r2_mode1_bt -- -j16 -l16
[41.300s] DEBUG:colcon.colcon_core.event_handler.log_command:Invoking command in '/home/dgut/code/Nazarite/build/r2_mode1_bt': CMAKE_PREFIX_PATH=/opt/ros/humble /usr/bin/cmake --install /home/dgut/code/Nazarite/build/r2_mode1_bt
[41.453s] Level 1:colcon.colcon_core.environment:create_environment_scripts_only(pointcloud_to_laserscan)
[41.454s] Level 1:colcon.colcon_core.environment:checking '/home/dgut/code/Nazarite/install/pointcloud_to_laserscan' for CMake module files
[41.454s] DEBUG:colcon.colcon_core.event_handler.log_command:Invoked command in '/home/dgut/code/Nazarite/build/pointcloud_to_laserscan' returned '0': CMAKE_PREFIX_PATH=/opt/ros/humble /usr/bin/cmake --install /home/dgut/code/Nazarite/build/pointcloud_to_laserscan
[41.455s] Level 1:colcon.colcon_core.environment:checking '/home/dgut/code/Nazarite/install/pointcloud_to_laserscan' for CMake config files
[41.455s] Level 1:colcon.colcon_core.shell:create_environment_hook('pointcloud_to_laserscan', 'cmake_prefix_path')
[41.456s] INFO:colcon.colcon_core.shell:Creating environment hook '/home/dgut/code/Nazarite/install/pointcloud_to_laserscan/share/pointcloud_to_laserscan/hook/cmake_prefix_path.ps1'
[41.456s] INFO:colcon.colcon_core.shell:Creating environment descriptor '/home/dgut/code/Nazarite/install/pointcloud_to_laserscan/share/pointcloud_to_laserscan/hook/cmake_prefix_path.dsv'
[41.457s] INFO:colcon.colcon_core.shell:Creating environment hook '/home/dgut/code/Nazarite/install/pointcloud_to_laserscan/share/pointcloud_to_laserscan/hook/cmake_prefix_path.sh'
[41.457s] Level 1:colcon.colcon_core.environment:checking '/home/dgut/code/Nazarite/install/pointcloud_to_laserscan/lib'
[41.457s] Level 1:colcon.colcon_core.shell:create_environment_hook('pointcloud_to_laserscan', 'ld_library_path_lib')
[41.457s] INFO:colcon.colcon_core.shell:Creating environment hook '/home/dgut/code/Nazarite/install/pointcloud_to_laserscan/share/pointcloud_to_laserscan/hook/ld_library_path_lib.ps1'
[41.458s] INFO:colcon.colcon_core.shell:Creating environment descriptor '/home/dgut/code/Nazarite/install/pointcloud_to_laserscan/share/pointcloud_to_laserscan/hook/ld_library_path_lib.dsv'
[41.458s] INFO:colcon.colcon_core.shell:Creating environment hook '/home/dgut/code/Nazarite/install/pointcloud_to_laserscan/share/pointcloud_to_laserscan/hook/ld_library_path_lib.sh'
[41.459s] Level 1:colcon.colcon_core.environment:checking '/home/dgut/code/Nazarite/install/pointcloud_to_laserscan/bin'
[41.459s] Level 1:colcon.colcon_core.environment:checking '/home/dgut/code/Nazarite/install/pointcloud_to_laserscan/lib/pkgconfig/pointcloud_to_laserscan.pc'
[41.459s] Level 1:colcon.colcon_core.environment:checking '/home/dgut/code/Nazarite/install/pointcloud_to_laserscan/lib/python3.10/site-packages'
[41.459s] Level 1:colcon.colcon_core.environment:checking '/home/dgut/code/Nazarite/install/pointcloud_to_laserscan/bin'
[41.460s] INFO:colcon.colcon_core.shell:Creating package script '/home/dgut/code/Nazarite/install/pointcloud_to_laserscan/share/pointcloud_to_laserscan/package.ps1'
[41.460s] INFO:colcon.colcon_core.shell:Creating package descriptor '/home/dgut/code/Nazarite/install/pointcloud_to_laserscan/share/pointcloud_to_laserscan/package.dsv'
[41.461s] INFO:colcon.colcon_core.shell:Creating package script '/home/dgut/code/Nazarite/install/pointcloud_to_laserscan/share/pointcloud_to_laserscan/package.sh'
[41.462s] INFO:colcon.colcon_core.shell:Creating package script '/home/dgut/code/Nazarite/install/pointcloud_to_laserscan/share/pointcloud_to_laserscan/package.bash'
[41.462s] INFO:colcon.colcon_core.shell:Creating package script '/home/dgut/code/Nazarite/install/pointcloud_to_laserscan/share/pointcloud_to_laserscan/package.zsh'
[41.463s] Level 1:colcon.colcon_core.environment:create_file_with_runtime_dependencies(/home/dgut/code/Nazarite/install/pointcloud_to_laserscan/share/colcon-core/packages/pointcloud_to_laserscan)
[41.464s] Level 1:colcon.colcon_core.environment:create_environment_scripts_only(pointcloud_to_laserscan)
[41.464s] Level 1:colcon.colcon_core.environment:checking '/home/dgut/code/Nazarite/install/pointcloud_to_laserscan' for CMake module files
[41.465s] Level 1:colcon.colcon_core.environment:checking '/home/dgut/code/Nazarite/install/pointcloud_to_laserscan' for CMake config files
[41.465s] Level 1:colcon.colcon_core.shell:create_environment_hook('pointcloud_to_laserscan', 'cmake_prefix_path')
[41.465s] INFO:colcon.colcon_core.shell:Creating environment hook '/home/dgut/code/Nazarite/install/pointcloud_to_laserscan/share/pointcloud_to_laserscan/hook/cmake_prefix_path.ps1'
[41.466s] INFO:colcon.colcon_core.shell:Creating environment descriptor '/home/dgut/code/Nazarite/install/pointcloud_to_laserscan/share/pointcloud_to_laserscan/hook/cmake_prefix_path.dsv'
[41.466s] INFO:colcon.colcon_core.shell:Creating environment hook '/home/dgut/code/Nazarite/install/pointcloud_to_laserscan/share/pointcloud_to_laserscan/hook/cmake_prefix_path.sh'
[41.467s] Level 1:colcon.colcon_core.environment:checking '/home/dgut/code/Nazarite/install/pointcloud_to_laserscan/lib'
[41.467s] Level 1:colcon.colcon_core.shell:create_environment_hook('pointcloud_to_laserscan', 'ld_library_path_lib')
[41.467s] INFO:colcon.colcon_core.shell:Creating environment hook '/home/dgut/code/Nazarite/install/pointcloud_to_laserscan/share/pointcloud_to_laserscan/hook/ld_library_path_lib.ps1'
[41.468s] INFO:colcon.colcon_core.shell:Creating environment descriptor '/home/dgut/code/Nazarite/install/pointcloud_to_laserscan/share/pointcloud_to_laserscan/hook/ld_library_path_lib.dsv'
[41.468s] INFO:colcon.colcon_core.shell:Creating environment hook '/home/dgut/code/Nazarite/install/pointcloud_to_laserscan/share/pointcloud_to_laserscan/hook/ld_library_path_lib.sh'
[41.469s] Level 1:colcon.colcon_core.environment:checking '/home/dgut/code/Nazarite/install/pointcloud_to_laserscan/bin'
[41.469s] Level 1:colcon.colcon_core.environment:checking '/home/dgut/code/Nazarite/install/pointcloud_to_laserscan/lib/pkgconfig/pointcloud_to_laserscan.pc'
[41.469s] Level 1:colcon.colcon_core.environment:checking '/home/dgut/code/Nazarite/install/pointcloud_to_laserscan/lib/python3.10/site-packages'
[41.469s] Level 1:colcon.colcon_core.environment:checking '/home/dgut/code/Nazarite/install/pointcloud_to_laserscan/bin'
[41.470s] INFO:colcon.colcon_core.shell:Creating package script '/home/dgut/code/Nazarite/install/pointcloud_to_laserscan/share/pointcloud_to_laserscan/package.ps1'
[41.470s] INFO:colcon.colcon_core.shell:Creating package descriptor '/home/dgut/code/Nazarite/install/pointcloud_to_laserscan/share/pointcloud_to_laserscan/package.dsv'
[41.471s] INFO:colcon.colcon_core.shell:Creating package script '/home/dgut/code/Nazarite/install/pointcloud_to_laserscan/share/pointcloud_to_laserscan/package.sh'
[41.472s] INFO:colcon.colcon_core.shell:Creating package script '/home/dgut/code/Nazarite/install/pointcloud_to_laserscan/share/pointcloud_to_laserscan/package.bash'
[41.472s] INFO:colcon.colcon_core.shell:Creating package script '/home/dgut/code/Nazarite/install/pointcloud_to_laserscan/share/pointcloud_to_laserscan/package.zsh'
[41.473s] Level 1:colcon.colcon_core.environment:create_file_with_runtime_dependencies(/home/dgut/code/Nazarite/install/pointcloud_to_laserscan/share/colcon-core/packages/pointcloud_to_laserscan)
[41.523s] Level 1:colcon.colcon_core.environment:create_environment_scripts_only(r2_mode1_bt)
[41.523s] Level 1:colcon.colcon_core.environment:checking '/home/dgut/code/Nazarite/install/r2_mode1_bt' for CMake module files
[41.524s] DEBUG:colcon.colcon_core.event_handler.log_command:Invoked command in '/home/dgut/code/Nazarite/build/r2_mode1_bt' returned '0': CMAKE_PREFIX_PATH=/opt/ros/humble /usr/bin/cmake --install /home/dgut/code/Nazarite/build/r2_mode1_bt
[41.524s] Level 1:colcon.colcon_core.environment:checking '/home/dgut/code/Nazarite/install/r2_mode1_bt' for CMake config files
[41.525s] Level 1:colcon.colcon_core.shell:create_environment_hook('r2_mode1_bt', 'cmake_prefix_path')
[41.525s] INFO:colcon.colcon_core.shell:Creating environment hook '/home/dgut/code/Nazarite/install/r2_mode1_bt/share/r2_mode1_bt/hook/cmake_prefix_path.ps1'
[41.526s] INFO:colcon.colcon_core.shell:Creating environment descriptor '/home/dgut/code/Nazarite/install/r2_mode1_bt/share/r2_mode1_bt/hook/cmake_prefix_path.dsv'
[41.526s] INFO:colcon.colcon_core.shell:Creating environment hook '/home/dgut/code/Nazarite/install/r2_mode1_bt/share/r2_mode1_bt/hook/cmake_prefix_path.sh'
[41.527s] Level 1:colcon.colcon_core.environment:checking '/home/dgut/code/Nazarite/install/r2_mode1_bt/lib'
[41.527s] Level 1:colcon.colcon_core.environment:checking '/home/dgut/code/Nazarite/install/r2_mode1_bt/bin'
[41.527s] Level 1:colcon.colcon_core.environment:checking '/home/dgut/code/Nazarite/install/r2_mode1_bt/lib/pkgconfig/r2_mode1_bt.pc'
[41.527s] Level 1:colcon.colcon_core.environment:checking '/home/dgut/code/Nazarite/install/r2_mode1_bt/lib/python3.10/site-packages'
[41.527s] Level 1:colcon.colcon_core.environment:checking '/home/dgut/code/Nazarite/install/r2_mode1_bt/bin'
[41.528s] INFO:colcon.colcon_core.shell:Creating package script '/home/dgut/code/Nazarite/install/r2_mode1_bt/share/r2_mode1_bt/package.ps1'
[41.528s] INFO:colcon.colcon_core.shell:Creating package descriptor '/home/dgut/code/Nazarite/install/r2_mode1_bt/share/r2_mode1_bt/package.dsv'
[41.528s] INFO:colcon.colcon_core.shell:Creating package script '/home/dgut/code/Nazarite/install/r2_mode1_bt/share/r2_mode1_bt/package.sh'
[41.529s] INFO:colcon.colcon_core.shell:Creating package script '/home/dgut/code/Nazarite/install/r2_mode1_bt/share/r2_mode1_bt/package.bash'
[41.529s] INFO:colcon.colcon_core.shell:Creating package script '/home/dgut/code/Nazarite/install/r2_mode1_bt/share/r2_mode1_bt/package.zsh'
[41.530s] Level 1:colcon.colcon_core.environment:create_file_with_runtime_dependencies(/home/dgut/code/Nazarite/install/r2_mode1_bt/share/colcon-core/packages/r2_mode1_bt)
[41.530s] Level 1:colcon.colcon_core.environment:create_environment_scripts_only(r2_mode1_bt)
[41.531s] Level 1:colcon.colcon_core.environment:checking '/home/dgut/code/Nazarite/install/r2_mode1_bt' for CMake module files
[41.531s] Level 1:colcon.colcon_core.environment:checking '/home/dgut/code/Nazarite/install/r2_mode1_bt' for CMake config files
[41.532s] Level 1:colcon.colcon_core.shell:create_environment_hook('r2_mode1_bt', 'cmake_prefix_path')
[41.532s] INFO:colcon.colcon_core.shell:Creating environment hook '/home/dgut/code/Nazarite/install/r2_mode1_bt/share/r2_mode1_bt/hook/cmake_prefix_path.ps1'
[41.533s] INFO:colcon.colcon_core.shell:Creating environment descriptor '/home/dgut/code/Nazarite/install/r2_mode1_bt/share/r2_mode1_bt/hook/cmake_prefix_path.dsv'
[41.533s] INFO:colcon.colcon_core.shell:Creating environment hook '/home/dgut/code/Nazarite/install/r2_mode1_bt/share/r2_mode1_bt/hook/cmake_prefix_path.sh'
[41.534s] Level 1:colcon.colcon_core.environment:checking '/home/dgut/code/Nazarite/install/r2_mode1_bt/lib'
[41.534s] Level 1:colcon.colcon_core.environment:checking '/home/dgut/code/Nazarite/install/r2_mode1_bt/bin'
[41.534s] Level 1:colcon.colcon_core.environment:checking '/home/dgut/code/Nazarite/install/r2_mode1_bt/lib/pkgconfig/r2_mode1_bt.pc'
[41.534s] Level 1:colcon.colcon_core.environment:checking '/home/dgut/code/Nazarite/install/r2_mode1_bt/lib/python3.10/site-packages'
[41.534s] Level 1:colcon.colcon_core.environment:checking '/home/dgut/code/Nazarite/install/r2_mode1_bt/bin'
[41.534s] INFO:colcon.colcon_core.shell:Creating package script '/home/dgut/code/Nazarite/install/r2_mode1_bt/share/r2_mode1_bt/package.ps1'
[41.535s] INFO:colcon.colcon_core.shell:Creating package descriptor '/home/dgut/code/Nazarite/install/r2_mode1_bt/share/r2_mode1_bt/package.dsv'
[41.535s] INFO:colcon.colcon_core.shell:Creating package script '/home/dgut/code/Nazarite/install/r2_mode1_bt/share/r2_mode1_bt/package.sh'
[41.535s] INFO:colcon.colcon_core.shell:Creating package script '/home/dgut/code/Nazarite/install/r2_mode1_bt/share/r2_mode1_bt/package.bash'
[41.536s] INFO:colcon.colcon_core.shell:Creating package script '/home/dgut/code/Nazarite/install/r2_mode1_bt/share/r2_mode1_bt/package.zsh'
[41.536s] Level 1:colcon.colcon_core.environment:create_file_with_runtime_dependencies(/home/dgut/code/Nazarite/install/r2_mode1_bt/share/colcon-core/packages/r2_mode1_bt)
[42.311s] DEBUG:colcon.colcon_core.event_handler.log_command:Invoked command in '/home/dgut/code/Nazarite/build/costmap_converter' returned '0': AMENT_PREFIX_PATH=/home/dgut/code/Nazarite/install/costmap_converter_msgs:${AMENT_PREFIX_PATH} CMAKE_PREFIX_PATH=/home/dgut/code/Nazarite/install/costmap_converter_msgs:/opt/ros/humble LD_LIBRARY_PATH=/home/dgut/code/Nazarite/install/costmap_converter_msgs/lib:${LD_LIBRARY_PATH} PYTHONPATH=/home/dgut/code/Nazarite/install/costmap_converter_msgs/local/lib/python3.10/dist-packages:${PYTHONPATH} /usr/bin/cmake --build /home/dgut/code/Nazarite/build/costmap_converter -- -j16 -l16
[42.313s] DEBUG:colcon.colcon_core.event_handler.log_command:Invoking command in '/home/dgut/code/Nazarite/build/costmap_converter': AMENT_PREFIX_PATH=/home/dgut/code/Nazarite/install/costmap_converter_msgs:${AMENT_PREFIX_PATH} CMAKE_PREFIX_PATH=/home/dgut/code/Nazarite/install/costmap_converter_msgs:/opt/ros/humble LD_LIBRARY_PATH=/home/dgut/code/Nazarite/install/costmap_converter_msgs/lib:${LD_LIBRARY_PATH} PYTHONPATH=/home/dgut/code/Nazarite/install/costmap_converter_msgs/local/lib/python3.10/dist-packages:${PYTHONPATH} /usr/bin/cmake --install /home/dgut/code/Nazarite/build/costmap_converter
[42.632s] Level 1:colcon.colcon_core.environment:create_environment_scripts_only(costmap_converter)
[42.632s] Level 1:colcon.colcon_core.environment:checking '/home/dgut/code/Nazarite/install/costmap_converter' for CMake module files
[42.633s] DEBUG:colcon.colcon_core.event_handler.log_command:Invoked command in '/home/dgut/code/Nazarite/build/costmap_converter' returned '0': AMENT_PREFIX_PATH=/home/dgut/code/Nazarite/install/costmap_converter_msgs:${AMENT_PREFIX_PATH} CMAKE_PREFIX_PATH=/home/dgut/code/Nazarite/install/costmap_converter_msgs:/opt/ros/humble LD_LIBRARY_PATH=/home/dgut/code/Nazarite/install/costmap_converter_msgs/lib:${LD_LIBRARY_PATH} PYTHONPATH=/home/dgut/code/Nazarite/install/costmap_converter_msgs/local/lib/python3.10/dist-packages:${PYTHONPATH} /usr/bin/cmake --install /home/dgut/code/Nazarite/build/costmap_converter
[42.633s] Level 1:colcon.colcon_core.environment:checking '/home/dgut/code/Nazarite/install/costmap_converter' for CMake config files
[42.633s] Level 1:colcon.colcon_core.shell:create_environment_hook('costmap_converter', 'cmake_prefix_path')
[42.634s] INFO:colcon.colcon_core.shell:Creating environment hook '/home/dgut/code/Nazarite/install/costmap_converter/share/costmap_converter/hook/cmake_prefix_path.ps1'
[42.634s] INFO:colcon.colcon_core.shell:Creating environment descriptor '/home/dgut/code/Nazarite/install/costmap_converter/share/costmap_converter/hook/cmake_prefix_path.dsv'
[42.634s] INFO:colcon.colcon_core.shell:Creating environment hook '/home/dgut/code/Nazarite/install/costmap_converter/share/costmap_converter/hook/cmake_prefix_path.sh'
[42.635s] Level 1:colcon.colcon_core.environment:checking '/home/dgut/code/Nazarite/install/costmap_converter/lib'
[42.635s] Level 1:colcon.colcon_core.shell:create_environment_hook('costmap_converter', 'ld_library_path_lib')
[42.635s] INFO:colcon.colcon_core.shell:Creating environment hook '/home/dgut/code/Nazarite/install/costmap_converter/share/costmap_converter/hook/ld_library_path_lib.ps1'
[42.635s] INFO:colcon.colcon_core.shell:Creating environment descriptor '/home/dgut/code/Nazarite/install/costmap_converter/share/costmap_converter/hook/ld_library_path_lib.dsv'
[42.635s] INFO:colcon.colcon_core.shell:Creating environment hook '/home/dgut/code/Nazarite/install/costmap_converter/share/costmap_converter/hook/ld_library_path_lib.sh'
[42.636s] Level 1:colcon.colcon_core.environment:checking '/home/dgut/code/Nazarite/install/costmap_converter/bin'
[42.636s] Level 1:colcon.colcon_core.shell:create_environment_hook('costmap_converter', 'path')
[42.636s] INFO:colcon.colcon_core.shell:Creating environment hook '/home/dgut/code/Nazarite/install/costmap_converter/share/costmap_converter/hook/path.ps1'
[42.636s] INFO:colcon.colcon_core.shell:Creating environment descriptor '/home/dgut/code/Nazarite/install/costmap_converter/share/costmap_converter/hook/path.dsv'
[42.636s] INFO:colcon.colcon_core.shell:Creating environment hook '/home/dgut/code/Nazarite/install/costmap_converter/share/costmap_converter/hook/path.sh'
[42.637s] Level 1:colcon.colcon_core.environment:checking '/home/dgut/code/Nazarite/install/costmap_converter/lib/pkgconfig/costmap_converter.pc'
[42.637s] Level 1:colcon.colcon_core.environment:checking '/home/dgut/code/Nazarite/install/costmap_converter/lib/python3.10/site-packages'
[42.637s] Level 1:colcon.colcon_core.environment:checking '/home/dgut/code/Nazarite/install/costmap_converter/bin'
[42.637s] Level 1:colcon.colcon_core.shell:create_environment_hook('costmap_converter', 'pythonscriptspath')
[42.637s] INFO:colcon.colcon_core.shell:Creating environment hook '/home/dgut/code/Nazarite/install/costmap_converter/share/costmap_converter/hook/pythonscriptspath.ps1'
[42.637s] INFO:colcon.colcon_core.shell:Creating environment descriptor '/home/dgut/code/Nazarite/install/costmap_converter/share/costmap_converter/hook/pythonscriptspath.dsv'
[42.638s] INFO:colcon.colcon_core.shell:Creating environment hook '/home/dgut/code/Nazarite/install/costmap_converter/share/costmap_converter/hook/pythonscriptspath.sh'
[42.638s] INFO:colcon.colcon_core.shell:Creating package script '/home/dgut/code/Nazarite/install/costmap_converter/share/costmap_converter/package.ps1'
[42.638s] INFO:colcon.colcon_core.shell:Creating package descriptor '/home/dgut/code/Nazarite/install/costmap_converter/share/costmap_converter/package.dsv'
[42.639s] INFO:colcon.colcon_core.shell:Creating package script '/home/dgut/code/Nazarite/install/costmap_converter/share/costmap_converter/package.sh'
[42.639s] INFO:colcon.colcon_core.shell:Creating package script '/home/dgut/code/Nazarite/install/costmap_converter/share/costmap_converter/package.bash'
[42.639s] INFO:colcon.colcon_core.shell:Creating package script '/home/dgut/code/Nazarite/install/costmap_converter/share/costmap_converter/package.zsh'
[42.639s] Level 1:colcon.colcon_core.environment:create_file_with_runtime_dependencies(/home/dgut/code/Nazarite/install/costmap_converter/share/colcon-core/packages/costmap_converter)
[42.640s] Level 1:colcon.colcon_core.environment:create_environment_scripts_only(costmap_converter)
[42.640s] Level 1:colcon.colcon_core.environment:checking '/home/dgut/code/Nazarite/install/costmap_converter' for CMake module files
[42.640s] Level 1:colcon.colcon_core.environment:checking '/home/dgut/code/Nazarite/install/costmap_converter' for CMake config files
[42.641s] Level 1:colcon.colcon_core.shell:create_environment_hook('costmap_converter', 'cmake_prefix_path')
[42.641s] INFO:colcon.colcon_core.shell:Creating environment hook '/home/dgut/code/Nazarite/install/costmap_converter/share/costmap_converter/hook/cmake_prefix_path.ps1'
[42.641s] INFO:colcon.colcon_core.shell:Creating environment descriptor '/home/dgut/code/Nazarite/install/costmap_converter/share/costmap_converter/hook/cmake_prefix_path.dsv'
[42.641s] INFO:colcon.colcon_core.shell:Creating environment hook '/home/dgut/code/Nazarite/install/costmap_converter/share/costmap_converter/hook/cmake_prefix_path.sh'
[42.642s] Level 1:colcon.colcon_core.environment:checking '/home/dgut/code/Nazarite/install/costmap_converter/lib'
[42.642s] Level 1:colcon.colcon_core.shell:create_environment_hook('costmap_converter', 'ld_library_path_lib')
[42.642s] INFO:colcon.colcon_core.shell:Creating environment hook '/home/dgut/code/Nazarite/install/costmap_converter/share/costmap_converter/hook/ld_library_path_lib.ps1'
[42.642s] INFO:colcon.colcon_core.shell:Creating environment descriptor '/home/dgut/code/Nazarite/install/costmap_converter/share/costmap_converter/hook/ld_library_path_lib.dsv'
[42.643s] INFO:colcon.colcon_core.shell:Creating environment hook '/home/dgut/code/Nazarite/install/costmap_converter/share/costmap_converter/hook/ld_library_path_lib.sh'
[42.643s] Level 1:colcon.colcon_core.environment:checking '/home/dgut/code/Nazarite/install/costmap_converter/bin'
[42.643s] Level 1:colcon.colcon_core.shell:create_environment_hook('costmap_converter', 'path')
[42.643s] INFO:colcon.colcon_core.shell:Creating environment hook '/home/dgut/code/Nazarite/install/costmap_converter/share/costmap_converter/hook/path.ps1'
[42.644s] INFO:colcon.colcon_core.shell:Creating environment descriptor '/home/dgut/code/Nazarite/install/costmap_converter/share/costmap_converter/hook/path.dsv'
[42.644s] INFO:colcon.colcon_core.shell:Creating environment hook '/home/dgut/code/Nazarite/install/costmap_converter/share/costmap_converter/hook/path.sh'
[42.644s] Level 1:colcon.colcon_core.environment:checking '/home/dgut/code/Nazarite/install/costmap_converter/lib/pkgconfig/costmap_converter.pc'
[42.644s] Level 1:colcon.colcon_core.environment:checking '/home/dgut/code/Nazarite/install/costmap_converter/lib/python3.10/site-packages'
[42.645s] Level 1:colcon.colcon_core.environment:checking '/home/dgut/code/Nazarite/install/costmap_converter/bin'
[42.645s] Level 1:colcon.colcon_core.shell:create_environment_hook('costmap_converter', 'pythonscriptspath')
[42.645s] INFO:colcon.colcon_core.shell:Creating environment hook '/home/dgut/code/Nazarite/install/costmap_converter/share/costmap_converter/hook/pythonscriptspath.ps1'
[42.645s] INFO:colcon.colcon_core.shell:Creating environment descriptor '/home/dgut/code/Nazarite/install/costmap_converter/share/costmap_converter/hook/pythonscriptspath.dsv'
[42.645s] INFO:colcon.colcon_core.shell:Creating environment hook '/home/dgut/code/Nazarite/install/costmap_converter/share/costmap_converter/hook/pythonscriptspath.sh'
[42.646s] INFO:colcon.colcon_core.shell:Creating package script '/home/dgut/code/Nazarite/install/costmap_converter/share/costmap_converter/package.ps1'
[42.646s] INFO:colcon.colcon_core.shell:Creating package descriptor '/home/dgut/code/Nazarite/install/costmap_converter/share/costmap_converter/package.dsv'
[42.647s] INFO:colcon.colcon_core.shell:Creating package script '/home/dgut/code/Nazarite/install/costmap_converter/share/costmap_converter/package.sh'
[42.647s] INFO:colcon.colcon_core.shell:Creating package script '/home/dgut/code/Nazarite/install/costmap_converter/share/costmap_converter/package.bash'
[42.648s] INFO:colcon.colcon_core.shell:Creating package script '/home/dgut/code/Nazarite/install/costmap_converter/share/costmap_converter/package.zsh'
[42.648s] Level 1:colcon.colcon_core.environment:create_file_with_runtime_dependencies(/home/dgut/code/Nazarite/install/costmap_converter/share/colcon-core/packages/costmap_converter)
[42.648s] INFO:colcon.colcon_ros.task.ament_cmake.build:Building ROS package in '/home/dgut/code/Nazarite/src/teb_local_planner/teb_local_planner' with build type 'ament_cmake'
[42.648s] INFO:colcon.colcon_cmake.task.cmake.build:Building CMake package in '/home/dgut/code/Nazarite/src/teb_local_planner/teb_local_planner'
[42.648s] INFO:colcon.colcon_core.shell:Skip shell extension 'powershell' for command environment: Not usable outside of PowerShell
[42.649s] DEBUG:colcon.colcon_core.shell:Skip shell extension 'dsv' for command environment
[42.661s] DEBUG:colcon.colcon_core.event_handler.log_command:Invoking command in '/home/dgut/code/Nazarite/build/teb_local_planner': AMENT_PREFIX_PATH=/home/dgut/code/Nazarite/install/teb_msgs:/home/dgut/code/Nazarite/install/costmap_converter:/home/dgut/code/Nazarite/install/costmap_converter_msgs:${AMENT_PREFIX_PATH} CMAKE_PREFIX_PATH=/home/dgut/code/Nazarite/install/teb_msgs:/home/dgut/code/Nazarite/install/costmap_converter:/home/dgut/code/Nazarite/install/costmap_converter_msgs:/opt/ros/humble LD_LIBRARY_PATH=/home/dgut/code/Nazarite/install/teb_msgs/lib:/home/dgut/code/Nazarite/install/costmap_converter/lib:/home/dgut/code/Nazarite/install/costmap_converter_msgs/lib:${LD_LIBRARY_PATH} PATH=/home/dgut/code/Nazarite/install/costmap_converter/bin:${PATH} PYTHONPATH=/home/dgut/code/Nazarite/install/teb_msgs/local/lib/python3.10/dist-packages:/home/dgut/code/Nazarite/install/costmap_converter_msgs/local/lib/python3.10/dist-packages:${PYTHONPATH} /usr/bin/cmake /home/dgut/code/Nazarite/src/teb_local_planner/teb_local_planner -DAMENT_CMAKE_SYMLINK_INSTALL=1 -DCMAKE_INSTALL_PREFIX=/home/dgut/code/Nazarite/install/teb_local_planner
[45.444s] DEBUG:colcon.colcon_core.event_handler.log_command:Invoked command in '/home/dgut/code/Nazarite/build/teb_local_planner' returned '0': AMENT_PREFIX_PATH=/home/dgut/code/Nazarite/install/teb_msgs:/home/dgut/code/Nazarite/install/costmap_converter:/home/dgut/code/Nazarite/install/costmap_converter_msgs:${AMENT_PREFIX_PATH} CMAKE_PREFIX_PATH=/home/dgut/code/Nazarite/install/teb_msgs:/home/dgut/code/Nazarite/install/costmap_converter:/home/dgut/code/Nazarite/install/costmap_converter_msgs:/opt/ros/humble LD_LIBRARY_PATH=/home/dgut/code/Nazarite/install/teb_msgs/lib:/home/dgut/code/Nazarite/install/costmap_converter/lib:/home/dgut/code/Nazarite/install/costmap_converter_msgs/lib:${LD_LIBRARY_PATH} PATH=/home/dgut/code/Nazarite/install/costmap_converter/bin:${PATH} PYTHONPATH=/home/dgut/code/Nazarite/install/teb_msgs/local/lib/python3.10/dist-packages:/home/dgut/code/Nazarite/install/costmap_converter_msgs/local/lib/python3.10/dist-packages:${PYTHONPATH} /usr/bin/cmake /home/dgut/code/Nazarite/src/teb_local_planner/teb_local_planner -DAMENT_CMAKE_SYMLINK_INSTALL=1 -DCMAKE_INSTALL_PREFIX=/home/dgut/code/Nazarite/install/teb_local_planner
[45.446s] DEBUG:colcon.colcon_core.event_handler.log_command:Invoking command in '/home/dgut/code/Nazarite/build/teb_local_planner': AMENT_PREFIX_PATH=/home/dgut/code/Nazarite/install/teb_msgs:/home/dgut/code/Nazarite/install/costmap_converter:/home/dgut/code/Nazarite/install/costmap_converter_msgs:${AMENT_PREFIX_PATH} CMAKE_PREFIX_PATH=/home/dgut/code/Nazarite/install/teb_msgs:/home/dgut/code/Nazarite/install/costmap_converter:/home/dgut/code/Nazarite/install/costmap_converter_msgs:/opt/ros/humble LD_LIBRARY_PATH=/home/dgut/code/Nazarite/install/teb_msgs/lib:/home/dgut/code/Nazarite/install/costmap_converter/lib:/home/dgut/code/Nazarite/install/costmap_converter_msgs/lib:${LD_LIBRARY_PATH} PATH=/home/dgut/code/Nazarite/install/costmap_converter/bin:${PATH} PYTHONPATH=/home/dgut/code/Nazarite/install/teb_msgs/local/lib/python3.10/dist-packages:/home/dgut/code/Nazarite/install/costmap_converter_msgs/local/lib/python3.10/dist-packages:${PYTHONPATH} /usr/bin/cmake --build /home/dgut/code/Nazarite/build/teb_local_planner -- -j16 -l16
[52.514s] DEBUG:colcon.colcon_core.event_handler.log_command:Invoked command in '/home/dgut/code/Nazarite/build/ndt_omp_ros2' returned '0': CMAKE_PREFIX_PATH=/opt/ros/humble /usr/bin/cmake --build /home/dgut/code/Nazarite/build/ndt_omp_ros2 -- -j16 -l16
[52.515s] DEBUG:colcon.colcon_core.event_handler.log_command:Invoking command in '/home/dgut/code/Nazarite/build/ndt_omp_ros2': CMAKE_PREFIX_PATH=/opt/ros/humble /usr/bin/cmake --install /home/dgut/code/Nazarite/build/ndt_omp_ros2
[52.787s] Level 1:colcon.colcon_core.environment:create_environment_scripts_only(ndt_omp_ros2)
[52.788s] Level 1:colcon.colcon_core.environment:checking '/home/dgut/code/Nazarite/install/ndt_omp_ros2' for CMake module files
[52.788s] DEBUG:colcon.colcon_core.event_handler.log_command:Invoked command in '/home/dgut/code/Nazarite/build/ndt_omp_ros2' returned '0': CMAKE_PREFIX_PATH=/opt/ros/humble /usr/bin/cmake --install /home/dgut/code/Nazarite/build/ndt_omp_ros2
[52.788s] Level 1:colcon.colcon_core.environment:checking '/home/dgut/code/Nazarite/install/ndt_omp_ros2' for CMake config files
[52.789s] Level 1:colcon.colcon_core.shell:create_environment_hook('ndt_omp_ros2', 'cmake_prefix_path')
[52.789s] INFO:colcon.colcon_core.shell:Creating environment hook '/home/dgut/code/Nazarite/install/ndt_omp_ros2/share/ndt_omp_ros2/hook/cmake_prefix_path.ps1'
[52.790s] INFO:colcon.colcon_core.shell:Creating environment descriptor '/home/dgut/code/Nazarite/install/ndt_omp_ros2/share/ndt_omp_ros2/hook/cmake_prefix_path.dsv'
[52.790s] INFO:colcon.colcon_core.shell:Creating environment hook '/home/dgut/code/Nazarite/install/ndt_omp_ros2/share/ndt_omp_ros2/hook/cmake_prefix_path.sh'
[52.790s] Level 1:colcon.colcon_core.environment:checking '/home/dgut/code/Nazarite/install/ndt_omp_ros2/lib'
[52.791s] Level 1:colcon.colcon_core.environment:checking '/home/dgut/code/Nazarite/install/ndt_omp_ros2/bin'
[52.791s] Level 1:colcon.colcon_core.shell:create_environment_hook('ndt_omp_ros2', 'path')
[52.791s] INFO:colcon.colcon_core.shell:Creating environment hook '/home/dgut/code/Nazarite/install/ndt_omp_ros2/share/ndt_omp_ros2/hook/path.ps1'
[52.791s] INFO:colcon.colcon_core.shell:Creating environment descriptor '/home/dgut/code/Nazarite/install/ndt_omp_ros2/share/ndt_omp_ros2/hook/path.dsv'
[52.792s] INFO:colcon.colcon_core.shell:Creating environment hook '/home/dgut/code/Nazarite/install/ndt_omp_ros2/share/ndt_omp_ros2/hook/path.sh'
[52.792s] Level 1:colcon.colcon_core.environment:checking '/home/dgut/code/Nazarite/install/ndt_omp_ros2/lib/pkgconfig/ndt_omp_ros2.pc'
[52.792s] Level 1:colcon.colcon_core.environment:checking '/home/dgut/code/Nazarite/install/ndt_omp_ros2/lib/python3.10/site-packages'
[52.792s] Level 1:colcon.colcon_core.environment:checking '/home/dgut/code/Nazarite/install/ndt_omp_ros2/bin'
[52.793s] Level 1:colcon.colcon_core.shell:create_environment_hook('ndt_omp_ros2', 'pythonscriptspath')
[52.793s] INFO:colcon.colcon_core.shell:Creating environment hook '/home/dgut/code/Nazarite/install/ndt_omp_ros2/share/ndt_omp_ros2/hook/pythonscriptspath.ps1'
[52.793s] INFO:colcon.colcon_core.shell:Creating environment descriptor '/home/dgut/code/Nazarite/install/ndt_omp_ros2/share/ndt_omp_ros2/hook/pythonscriptspath.dsv'
[52.794s] INFO:colcon.colcon_core.shell:Creating environment hook '/home/dgut/code/Nazarite/install/ndt_omp_ros2/share/ndt_omp_ros2/hook/pythonscriptspath.sh'
[52.794s] INFO:colcon.colcon_core.shell:Creating package script '/home/dgut/code/Nazarite/install/ndt_omp_ros2/share/ndt_omp_ros2/package.ps1'
[52.795s] INFO:colcon.colcon_core.shell:Creating package descriptor '/home/dgut/code/Nazarite/install/ndt_omp_ros2/share/ndt_omp_ros2/package.dsv'
[52.795s] INFO:colcon.colcon_core.shell:Creating package script '/home/dgut/code/Nazarite/install/ndt_omp_ros2/share/ndt_omp_ros2/package.sh'
[52.796s] INFO:colcon.colcon_core.shell:Creating package script '/home/dgut/code/Nazarite/install/ndt_omp_ros2/share/ndt_omp_ros2/package.bash'
[52.796s] INFO:colcon.colcon_core.shell:Creating package script '/home/dgut/code/Nazarite/install/ndt_omp_ros2/share/ndt_omp_ros2/package.zsh'
[52.797s] Level 1:colcon.colcon_core.environment:create_file_with_runtime_dependencies(/home/dgut/code/Nazarite/install/ndt_omp_ros2/share/colcon-core/packages/ndt_omp_ros2)
[52.797s] Level 1:colcon.colcon_core.environment:create_environment_scripts_only(ndt_omp_ros2)
[52.798s] Level 1:colcon.colcon_core.environment:checking '/home/dgut/code/Nazarite/install/ndt_omp_ros2' for CMake module files
[52.798s] Level 1:colcon.colcon_core.environment:checking '/home/dgut/code/Nazarite/install/ndt_omp_ros2' for CMake config files
[52.798s] Level 1:colcon.colcon_core.shell:create_environment_hook('ndt_omp_ros2', 'cmake_prefix_path')
[52.799s] INFO:colcon.colcon_core.shell:Creating environment hook '/home/dgut/code/Nazarite/install/ndt_omp_ros2/share/ndt_omp_ros2/hook/cmake_prefix_path.ps1'
[52.799s] INFO:colcon.colcon_core.shell:Creating environment descriptor '/home/dgut/code/Nazarite/install/ndt_omp_ros2/share/ndt_omp_ros2/hook/cmake_prefix_path.dsv'
[52.800s] INFO:colcon.colcon_core.shell:Creating environment hook '/home/dgut/code/Nazarite/install/ndt_omp_ros2/share/ndt_omp_ros2/hook/cmake_prefix_path.sh'
[52.800s] Level 1:colcon.colcon_core.environment:checking '/home/dgut/code/Nazarite/install/ndt_omp_ros2/lib'
[52.800s] Level 1:colcon.colcon_core.environment:checking '/home/dgut/code/Nazarite/install/ndt_omp_ros2/bin'
[52.800s] Level 1:colcon.colcon_core.shell:create_environment_hook('ndt_omp_ros2', 'path')
[52.801s] INFO:colcon.colcon_core.shell:Creating environment hook '/home/dgut/code/Nazarite/install/ndt_omp_ros2/share/ndt_omp_ros2/hook/path.ps1'
[52.801s] INFO:colcon.colcon_core.shell:Creating environment descriptor '/home/dgut/code/Nazarite/install/ndt_omp_ros2/share/ndt_omp_ros2/hook/path.dsv'
[52.802s] INFO:colcon.colcon_core.shell:Creating environment hook '/home/dgut/code/Nazarite/install/ndt_omp_ros2/share/ndt_omp_ros2/hook/path.sh'
[52.802s] Level 1:colcon.colcon_core.environment:checking '/home/dgut/code/Nazarite/install/ndt_omp_ros2/lib/pkgconfig/ndt_omp_ros2.pc'
[52.802s] Level 1:colcon.colcon_core.environment:checking '/home/dgut/code/Nazarite/install/ndt_omp_ros2/lib/python3.10/site-packages'
[52.803s] Level 1:colcon.colcon_core.environment:checking '/home/dgut/code/Nazarite/install/ndt_omp_ros2/bin'
[52.803s] Level 1:colcon.colcon_core.shell:create_environment_hook('ndt_omp_ros2', 'pythonscriptspath')
[52.803s] INFO:colcon.colcon_core.shell:Creating environment hook '/home/dgut/code/Nazarite/install/ndt_omp_ros2/share/ndt_omp_ros2/hook/pythonscriptspath.ps1'
[52.803s] INFO:colcon.colcon_core.shell:Creating environment descriptor '/home/dgut/code/Nazarite/install/ndt_omp_ros2/share/ndt_omp_ros2/hook/pythonscriptspath.dsv'
[52.804s] INFO:colcon.colcon_core.shell:Creating environment hook '/home/dgut/code/Nazarite/install/ndt_omp_ros2/share/ndt_omp_ros2/hook/pythonscriptspath.sh'
[52.805s] INFO:colcon.colcon_core.shell:Creating package script '/home/dgut/code/Nazarite/install/ndt_omp_ros2/share/ndt_omp_ros2/package.ps1'
[52.805s] INFO:colcon.colcon_core.shell:Creating package descriptor '/home/dgut/code/Nazarite/install/ndt_omp_ros2/share/ndt_omp_ros2/package.dsv'
[52.806s] INFO:colcon.colcon_core.shell:Creating package script '/home/dgut/code/Nazarite/install/ndt_omp_ros2/share/ndt_omp_ros2/package.sh'
[52.806s] INFO:colcon.colcon_core.shell:Creating package script '/home/dgut/code/Nazarite/install/ndt_omp_ros2/share/ndt_omp_ros2/package.bash'
[52.807s] INFO:colcon.colcon_core.shell:Creating package script '/home/dgut/code/Nazarite/install/ndt_omp_ros2/share/ndt_omp_ros2/package.zsh'
[52.807s] Level 1:colcon.colcon_core.environment:create_file_with_runtime_dependencies(/home/dgut/code/Nazarite/install/ndt_omp_ros2/share/colcon-core/packages/ndt_omp_ros2)
[54.312s] DEBUG:colcon.colcon_core.event_handler.log_command:Invoked command in '/home/dgut/code/Nazarite/build/open3d_loc' returned '0': CMAKE_PREFIX_PATH=/opt/ros/humble /usr/bin/cmake --build /home/dgut/code/Nazarite/build/open3d_loc -- -j16 -l16
[54.314s] DEBUG:colcon.colcon_core.event_handler.log_command:Invoking command in '/home/dgut/code/Nazarite/build/open3d_loc': CMAKE_PREFIX_PATH=/opt/ros/humble /usr/bin/cmake --install /home/dgut/code/Nazarite/build/open3d_loc
[54.609s] Level 1:colcon.colcon_core.environment:create_environment_scripts_only(open3d_loc)
[54.609s] Level 1:colcon.colcon_core.environment:checking '/home/dgut/code/Nazarite/install/open3d_loc' for CMake module files
[54.610s] DEBUG:colcon.colcon_core.event_handler.log_command:Invoked command in '/home/dgut/code/Nazarite/build/open3d_loc' returned '0': CMAKE_PREFIX_PATH=/opt/ros/humble /usr/bin/cmake --install /home/dgut/code/Nazarite/build/open3d_loc
[54.610s] Level 1:colcon.colcon_core.environment:checking '/home/dgut/code/Nazarite/install/open3d_loc' for CMake config files
[54.611s] Level 1:colcon.colcon_core.shell:create_environment_hook('open3d_loc', 'cmake_prefix_path')
[54.611s] INFO:colcon.colcon_core.shell:Creating environment hook '/home/dgut/code/Nazarite/install/open3d_loc/share/open3d_loc/hook/cmake_prefix_path.ps1'
[54.611s] INFO:colcon.colcon_core.shell:Creating environment descriptor '/home/dgut/code/Nazarite/install/open3d_loc/share/open3d_loc/hook/cmake_prefix_path.dsv'
[54.612s] INFO:colcon.colcon_core.shell:Creating environment hook '/home/dgut/code/Nazarite/install/open3d_loc/share/open3d_loc/hook/cmake_prefix_path.sh'
[54.612s] Level 1:colcon.colcon_core.environment:checking '/home/dgut/code/Nazarite/install/open3d_loc/lib'
[54.612s] Level 1:colcon.colcon_core.environment:checking '/home/dgut/code/Nazarite/install/open3d_loc/bin'
[54.612s] Level 1:colcon.colcon_core.environment:checking '/home/dgut/code/Nazarite/install/open3d_loc/lib/pkgconfig/open3d_loc.pc'
[54.613s] Level 1:colcon.colcon_core.environment:checking '/home/dgut/code/Nazarite/install/open3d_loc/lib/python3.10/site-packages'
[54.613s] Level 1:colcon.colcon_core.environment:checking '/home/dgut/code/Nazarite/install/open3d_loc/bin'
[54.613s] INFO:colcon.colcon_core.shell:Creating package script '/home/dgut/code/Nazarite/install/open3d_loc/share/open3d_loc/package.ps1'
[54.614s] INFO:colcon.colcon_core.shell:Creating package descriptor '/home/dgut/code/Nazarite/install/open3d_loc/share/open3d_loc/package.dsv'
[54.614s] INFO:colcon.colcon_core.shell:Creating package script '/home/dgut/code/Nazarite/install/open3d_loc/share/open3d_loc/package.sh'
[54.614s] INFO:colcon.colcon_core.shell:Creating package script '/home/dgut/code/Nazarite/install/open3d_loc/share/open3d_loc/package.bash'
[54.615s] INFO:colcon.colcon_core.shell:Creating package script '/home/dgut/code/Nazarite/install/open3d_loc/share/open3d_loc/package.zsh'
[54.615s] Level 1:colcon.colcon_core.environment:create_file_with_runtime_dependencies(/home/dgut/code/Nazarite/install/open3d_loc/share/colcon-core/packages/open3d_loc)
[54.616s] Level 1:colcon.colcon_core.environment:create_environment_scripts_only(open3d_loc)
[54.616s] Level 1:colcon.colcon_core.environment:checking '/home/dgut/code/Nazarite/install/open3d_loc' for CMake module files
[54.617s] Level 1:colcon.colcon_core.environment:checking '/home/dgut/code/Nazarite/install/open3d_loc' for CMake config files
[54.617s] Level 1:colcon.colcon_core.shell:create_environment_hook('open3d_loc', 'cmake_prefix_path')
[54.617s] INFO:colcon.colcon_core.shell:Creating environment hook '/home/dgut/code/Nazarite/install/open3d_loc/share/open3d_loc/hook/cmake_prefix_path.ps1'
[54.618s] INFO:colcon.colcon_core.shell:Creating environment descriptor '/home/dgut/code/Nazarite/install/open3d_loc/share/open3d_loc/hook/cmake_prefix_path.dsv'
[54.618s] INFO:colcon.colcon_core.shell:Creating environment hook '/home/dgut/code/Nazarite/install/open3d_loc/share/open3d_loc/hook/cmake_prefix_path.sh'
[54.619s] Level 1:colcon.colcon_core.environment:checking '/home/dgut/code/Nazarite/install/open3d_loc/lib'
[54.619s] Level 1:colcon.colcon_core.environment:checking '/home/dgut/code/Nazarite/install/open3d_loc/bin'
[54.619s] Level 1:colcon.colcon_core.environment:checking '/home/dgut/code/Nazarite/install/open3d_loc/lib/pkgconfig/open3d_loc.pc'
[54.619s] Level 1:colcon.colcon_core.environment:checking '/home/dgut/code/Nazarite/install/open3d_loc/lib/python3.10/site-packages'
[54.619s] Level 1:colcon.colcon_core.environment:checking '/home/dgut/code/Nazarite/install/open3d_loc/bin'
[54.620s] INFO:colcon.colcon_core.shell:Creating package script '/home/dgut/code/Nazarite/install/open3d_loc/share/open3d_loc/package.ps1'
[54.620s] INFO:colcon.colcon_core.shell:Creating package descriptor '/home/dgut/code/Nazarite/install/open3d_loc/share/open3d_loc/package.dsv'
[54.620s] INFO:colcon.colcon_core.shell:Creating package script '/home/dgut/code/Nazarite/install/open3d_loc/share/open3d_loc/package.sh'
[54.621s] INFO:colcon.colcon_core.shell:Creating package script '/home/dgut/code/Nazarite/install/open3d_loc/share/open3d_loc/package.bash'
[54.621s] INFO:colcon.colcon_core.shell:Creating package script '/home/dgut/code/Nazarite/install/open3d_loc/share/open3d_loc/package.zsh'
[54.621s] Level 1:colcon.colcon_core.environment:create_file_with_runtime_dependencies(/home/dgut/code/Nazarite/install/open3d_loc/share/colcon-core/packages/open3d_loc)
[78.958s] DEBUG:colcon.colcon_core.event_handler.log_command:Invoked command in '/home/dgut/code/Nazarite/build/teb_local_planner' returned '0': AMENT_PREFIX_PATH=/home/dgut/code/Nazarite/install/teb_msgs:/home/dgut/code/Nazarite/install/costmap_converter:/home/dgut/code/Nazarite/install/costmap_converter_msgs:${AMENT_PREFIX_PATH} CMAKE_PREFIX_PATH=/home/dgut/code/Nazarite/install/teb_msgs:/home/dgut/code/Nazarite/install/costmap_converter:/home/dgut/code/Nazarite/install/costmap_converter_msgs:/opt/ros/humble LD_LIBRARY_PATH=/home/dgut/code/Nazarite/install/teb_msgs/lib:/home/dgut/code/Nazarite/install/costmap_converter/lib:/home/dgut/code/Nazarite/install/costmap_converter_msgs/lib:${LD_LIBRARY_PATH} PATH=/home/dgut/code/Nazarite/install/costmap_converter/bin:${PATH} PYTHONPATH=/home/dgut/code/Nazarite/install/teb_msgs/local/lib/python3.10/dist-packages:/home/dgut/code/Nazarite/install/costmap_converter_msgs/local/lib/python3.10/dist-packages:${PYTHONPATH} /usr/bin/cmake --build /home/dgut/code/Nazarite/build/teb_local_planner -- -j16 -l16
[78.959s] DEBUG:colcon.colcon_core.event_handler.log_command:Invoking command in '/home/dgut/code/Nazarite/build/teb_local_planner': AMENT_PREFIX_PATH=/home/dgut/code/Nazarite/install/teb_msgs:/home/dgut/code/Nazarite/install/costmap_converter:/home/dgut/code/Nazarite/install/costmap_converter_msgs:${AMENT_PREFIX_PATH} CMAKE_PREFIX_PATH=/home/dgut/code/Nazarite/install/teb_msgs:/home/dgut/code/Nazarite/install/costmap_converter:/home/dgut/code/Nazarite/install/costmap_converter_msgs:/opt/ros/humble LD_LIBRARY_PATH=/home/dgut/code/Nazarite/install/teb_msgs/lib:/home/dgut/code/Nazarite/install/costmap_converter/lib:/home/dgut/code/Nazarite/install/costmap_converter_msgs/lib:${LD_LIBRARY_PATH} PATH=/home/dgut/code/Nazarite/install/costmap_converter/bin:${PATH} PYTHONPATH=/home/dgut/code/Nazarite/install/teb_msgs/local/lib/python3.10/dist-packages:/home/dgut/code/Nazarite/install/costmap_converter_msgs/local/lib/python3.10/dist-packages:${PYTHONPATH} /usr/bin/cmake --install /home/dgut/code/Nazarite/build/teb_local_planner
[78.974s] DEBUG:colcon.colcon_core.event_handler.log_command:Invoked command in '/home/dgut/code/Nazarite/build/point_lio' returned '0': AMENT_PREFIX_PATH=/home/dgut/code/Nazarite/install/livox_ros_driver2:${AMENT_PREFIX_PATH} CMAKE_PREFIX_PATH=/home/dgut/code/Nazarite/install/livox_ros_driver2:/opt/ros/humble LD_LIBRARY_PATH=/home/dgut/code/Nazarite/install/livox_ros_driver2/lib:${LD_LIBRARY_PATH} PYTHONPATH=/home/dgut/code/Nazarite/install/livox_ros_driver2/local/lib/python3.10/dist-packages:${PYTHONPATH} /usr/bin/cmake --build /home/dgut/code/Nazarite/build/point_lio -- -j16 -l16
[78.975s] DEBUG:colcon.colcon_core.event_handler.log_command:Invoking command in '/home/dgut/code/Nazarite/build/point_lio': AMENT_PREFIX_PATH=/home/dgut/code/Nazarite/install/livox_ros_driver2:${AMENT_PREFIX_PATH} CMAKE_PREFIX_PATH=/home/dgut/code/Nazarite/install/livox_ros_driver2:/opt/ros/humble LD_LIBRARY_PATH=/home/dgut/code/Nazarite/install/livox_ros_driver2/lib:${LD_LIBRARY_PATH} PYTHONPATH=/home/dgut/code/Nazarite/install/livox_ros_driver2/local/lib/python3.10/dist-packages:${PYTHONPATH} /usr/bin/cmake --install /home/dgut/code/Nazarite/build/point_lio
[79.213s] Level 1:colcon.colcon_core.environment:create_environment_scripts_only(point_lio)
[79.214s] Level 1:colcon.colcon_core.environment:checking '/home/dgut/code/Nazarite/install/point_lio' for CMake module files
[79.214s] DEBUG:colcon.colcon_core.event_handler.log_command:Invoked command in '/home/dgut/code/Nazarite/build/point_lio' returned '0': AMENT_PREFIX_PATH=/home/dgut/code/Nazarite/install/livox_ros_driver2:${AMENT_PREFIX_PATH} CMAKE_PREFIX_PATH=/home/dgut/code/Nazarite/install/livox_ros_driver2:/opt/ros/humble LD_LIBRARY_PATH=/home/dgut/code/Nazarite/install/livox_ros_driver2/lib:${LD_LIBRARY_PATH} PYTHONPATH=/home/dgut/code/Nazarite/install/livox_ros_driver2/local/lib/python3.10/dist-packages:${PYTHONPATH} /usr/bin/cmake --install /home/dgut/code/Nazarite/build/point_lio
[79.214s] Level 1:colcon.colcon_core.environment:checking '/home/dgut/code/Nazarite/install/point_lio' for CMake config files
[79.215s] Level 1:colcon.colcon_core.shell:create_environment_hook('point_lio', 'cmake_prefix_path')
[79.215s] INFO:colcon.colcon_core.shell:Creating environment hook '/home/dgut/code/Nazarite/install/point_lio/share/point_lio/hook/cmake_prefix_path.ps1'
[79.215s] INFO:colcon.colcon_core.shell:Creating environment descriptor '/home/dgut/code/Nazarite/install/point_lio/share/point_lio/hook/cmake_prefix_path.dsv'
[79.216s] INFO:colcon.colcon_core.shell:Creating environment hook '/home/dgut/code/Nazarite/install/point_lio/share/point_lio/hook/cmake_prefix_path.sh'
[79.216s] Level 1:colcon.colcon_core.environment:checking '/home/dgut/code/Nazarite/install/point_lio/lib'
[79.216s] Level 1:colcon.colcon_core.environment:checking '/home/dgut/code/Nazarite/install/point_lio/bin'
[79.216s] Level 1:colcon.colcon_core.environment:checking '/home/dgut/code/Nazarite/install/point_lio/lib/pkgconfig/point_lio.pc'
[79.216s] Level 1:colcon.colcon_core.environment:checking '/home/dgut/code/Nazarite/install/point_lio/lib/python3.10/site-packages'
[79.216s] Level 1:colcon.colcon_core.environment:checking '/home/dgut/code/Nazarite/install/point_lio/bin'
[79.216s] INFO:colcon.colcon_core.shell:Creating package script '/home/dgut/code/Nazarite/install/point_lio/share/point_lio/package.ps1'
[79.217s] INFO:colcon.colcon_core.shell:Creating package descriptor '/home/dgut/code/Nazarite/install/point_lio/share/point_lio/package.dsv'
[79.217s] INFO:colcon.colcon_core.shell:Creating package script '/home/dgut/code/Nazarite/install/point_lio/share/point_lio/package.sh'
[79.217s] INFO:colcon.colcon_core.shell:Creating package script '/home/dgut/code/Nazarite/install/point_lio/share/point_lio/package.bash'
[79.217s] INFO:colcon.colcon_core.shell:Creating package script '/home/dgut/code/Nazarite/install/point_lio/share/point_lio/package.zsh'
[79.218s] Level 1:colcon.colcon_core.environment:create_file_with_runtime_dependencies(/home/dgut/code/Nazarite/install/point_lio/share/colcon-core/packages/point_lio)
[79.218s] Level 1:colcon.colcon_core.environment:create_environment_scripts_only(point_lio)
[79.218s] Level 1:colcon.colcon_core.environment:checking '/home/dgut/code/Nazarite/install/point_lio' for CMake module files
[79.218s] Level 1:colcon.colcon_core.environment:checking '/home/dgut/code/Nazarite/install/point_lio' for CMake config files
[79.219s] Level 1:colcon.colcon_core.shell:create_environment_hook('point_lio', 'cmake_prefix_path')
[79.219s] INFO:colcon.colcon_core.shell:Creating environment hook '/home/dgut/code/Nazarite/install/point_lio/share/point_lio/hook/cmake_prefix_path.ps1'
[79.219s] INFO:colcon.colcon_core.shell:Creating environment descriptor '/home/dgut/code/Nazarite/install/point_lio/share/point_lio/hook/cmake_prefix_path.dsv'
[79.219s] INFO:colcon.colcon_core.shell:Creating environment hook '/home/dgut/code/Nazarite/install/point_lio/share/point_lio/hook/cmake_prefix_path.sh'
[79.219s] Level 1:colcon.colcon_core.environment:checking '/home/dgut/code/Nazarite/install/point_lio/lib'
[79.219s] Level 1:colcon.colcon_core.environment:checking '/home/dgut/code/Nazarite/install/point_lio/bin'
[79.220s] Level 1:colcon.colcon_core.environment:checking '/home/dgut/code/Nazarite/install/point_lio/lib/pkgconfig/point_lio.pc'
[79.220s] Level 1:colcon.colcon_core.environment:checking '/home/dgut/code/Nazarite/install/point_lio/lib/python3.10/site-packages'
[79.220s] Level 1:colcon.colcon_core.environment:checking '/home/dgut/code/Nazarite/install/point_lio/bin'
[79.220s] INFO:colcon.colcon_core.shell:Creating package script '/home/dgut/code/Nazarite/install/point_lio/share/point_lio/package.ps1'
[79.220s] INFO:colcon.colcon_core.shell:Creating package descriptor '/home/dgut/code/Nazarite/install/point_lio/share/point_lio/package.dsv'
[79.220s] INFO:colcon.colcon_core.shell:Creating package script '/home/dgut/code/Nazarite/install/point_lio/share/point_lio/package.sh'
[79.221s] INFO:colcon.colcon_core.shell:Creating package script '/home/dgut/code/Nazarite/install/point_lio/share/point_lio/package.bash'
[79.221s] INFO:colcon.colcon_core.shell:Creating package script '/home/dgut/code/Nazarite/install/point_lio/share/point_lio/package.zsh'
[79.221s] Level 1:colcon.colcon_core.environment:create_file_with_runtime_dependencies(/home/dgut/code/Nazarite/install/point_lio/share/colcon-core/packages/point_lio)
[79.410s] Level 1:colcon.colcon_core.environment:create_environment_scripts_only(teb_local_planner)
[79.410s] Level 1:colcon.colcon_core.environment:checking '/home/dgut/code/Nazarite/install/teb_local_planner' for CMake module files
[79.411s] DEBUG:colcon.colcon_core.event_handler.log_command:Invoked command in '/home/dgut/code/Nazarite/build/teb_local_planner' returned '0': AMENT_PREFIX_PATH=/home/dgut/code/Nazarite/install/teb_msgs:/home/dgut/code/Nazarite/install/costmap_converter:/home/dgut/code/Nazarite/install/costmap_converter_msgs:${AMENT_PREFIX_PATH} CMAKE_PREFIX_PATH=/home/dgut/code/Nazarite/install/teb_msgs:/home/dgut/code/Nazarite/install/costmap_converter:/home/dgut/code/Nazarite/install/costmap_converter_msgs:/opt/ros/humble LD_LIBRARY_PATH=/home/dgut/code/Nazarite/install/teb_msgs/lib:/home/dgut/code/Nazarite/install/costmap_converter/lib:/home/dgut/code/Nazarite/install/costmap_converter_msgs/lib:${LD_LIBRARY_PATH} PATH=/home/dgut/code/Nazarite/install/costmap_converter/bin:${PATH} PYTHONPATH=/home/dgut/code/Nazarite/install/teb_msgs/local/lib/python3.10/dist-packages:/home/dgut/code/Nazarite/install/costmap_converter_msgs/local/lib/python3.10/dist-packages:${PYTHONPATH} /usr/bin/cmake --install /home/dgut/code/Nazarite/build/teb_local_planner
[79.411s] Level 1:colcon.colcon_core.environment:checking '/home/dgut/code/Nazarite/install/teb_local_planner' for CMake config files
[79.411s] Level 1:colcon.colcon_core.shell:create_environment_hook('teb_local_planner', 'cmake_prefix_path')
[79.411s] INFO:colcon.colcon_core.shell:Creating environment hook '/home/dgut/code/Nazarite/install/teb_local_planner/share/teb_local_planner/hook/cmake_prefix_path.ps1'
[79.412s] INFO:colcon.colcon_core.shell:Creating environment descriptor '/home/dgut/code/Nazarite/install/teb_local_planner/share/teb_local_planner/hook/cmake_prefix_path.dsv'
[79.412s] INFO:colcon.colcon_core.shell:Creating environment hook '/home/dgut/code/Nazarite/install/teb_local_planner/share/teb_local_planner/hook/cmake_prefix_path.sh'
[79.412s] Level 1:colcon.colcon_core.environment:checking '/home/dgut/code/Nazarite/install/teb_local_planner/lib'
[79.412s] Level 1:colcon.colcon_core.shell:create_environment_hook('teb_local_planner', 'ld_library_path_lib')
[79.412s] INFO:colcon.colcon_core.shell:Creating environment hook '/home/dgut/code/Nazarite/install/teb_local_planner/share/teb_local_planner/hook/ld_library_path_lib.ps1'
[79.413s] INFO:colcon.colcon_core.shell:Creating environment descriptor '/home/dgut/code/Nazarite/install/teb_local_planner/share/teb_local_planner/hook/ld_library_path_lib.dsv'
[79.413s] INFO:colcon.colcon_core.shell:Creating environment hook '/home/dgut/code/Nazarite/install/teb_local_planner/share/teb_local_planner/hook/ld_library_path_lib.sh'
[79.413s] Level 1:colcon.colcon_core.environment:checking '/home/dgut/code/Nazarite/install/teb_local_planner/bin'
[79.413s] Level 1:colcon.colcon_core.environment:checking '/home/dgut/code/Nazarite/install/teb_local_planner/lib/pkgconfig/teb_local_planner.pc'
[79.413s] Level 1:colcon.colcon_core.environment:checking '/home/dgut/code/Nazarite/install/teb_local_planner/lib/python3.10/site-packages'
[79.413s] Level 1:colcon.colcon_core.environment:checking '/home/dgut/code/Nazarite/install/teb_local_planner/bin'
[79.414s] INFO:colcon.colcon_core.shell:Creating package script '/home/dgut/code/Nazarite/install/teb_local_planner/share/teb_local_planner/package.ps1'
[79.414s] INFO:colcon.colcon_core.shell:Creating package descriptor '/home/dgut/code/Nazarite/install/teb_local_planner/share/teb_local_planner/package.dsv'
[79.414s] INFO:colcon.colcon_core.shell:Creating package script '/home/dgut/code/Nazarite/install/teb_local_planner/share/teb_local_planner/package.sh'
[79.414s] INFO:colcon.colcon_core.shell:Creating package script '/home/dgut/code/Nazarite/install/teb_local_planner/share/teb_local_planner/package.bash'
[79.414s] INFO:colcon.colcon_core.shell:Creating package script '/home/dgut/code/Nazarite/install/teb_local_planner/share/teb_local_planner/package.zsh'
[79.415s] Level 1:colcon.colcon_core.environment:create_file_with_runtime_dependencies(/home/dgut/code/Nazarite/install/teb_local_planner/share/colcon-core/packages/teb_local_planner)
[79.415s] Level 1:colcon.colcon_core.environment:create_environment_scripts_only(teb_local_planner)
[79.415s] Level 1:colcon.colcon_core.environment:checking '/home/dgut/code/Nazarite/install/teb_local_planner' for CMake module files
[79.415s] Level 1:colcon.colcon_core.environment:checking '/home/dgut/code/Nazarite/install/teb_local_planner' for CMake config files
[79.416s] Level 1:colcon.colcon_core.shell:create_environment_hook('teb_local_planner', 'cmake_prefix_path')
[79.416s] INFO:colcon.colcon_core.shell:Creating environment hook '/home/dgut/code/Nazarite/install/teb_local_planner/share/teb_local_planner/hook/cmake_prefix_path.ps1'
[79.416s] INFO:colcon.colcon_core.shell:Creating environment descriptor '/home/dgut/code/Nazarite/install/teb_local_planner/share/teb_local_planner/hook/cmake_prefix_path.dsv'
[79.416s] INFO:colcon.colcon_core.shell:Creating environment hook '/home/dgut/code/Nazarite/install/teb_local_planner/share/teb_local_planner/hook/cmake_prefix_path.sh'
[79.416s] Level 1:colcon.colcon_core.environment:checking '/home/dgut/code/Nazarite/install/teb_local_planner/lib'
[79.417s] Level 1:colcon.colcon_core.shell:create_environment_hook('teb_local_planner', 'ld_library_path_lib')
[79.417s] INFO:colcon.colcon_core.shell:Creating environment hook '/home/dgut/code/Nazarite/install/teb_local_planner/share/teb_local_planner/hook/ld_library_path_lib.ps1'
[79.417s] INFO:colcon.colcon_core.shell:Creating environment descriptor '/home/dgut/code/Nazarite/install/teb_local_planner/share/teb_local_planner/hook/ld_library_path_lib.dsv'
[79.417s] INFO:colcon.colcon_core.shell:Creating environment hook '/home/dgut/code/Nazarite/install/teb_local_planner/share/teb_local_planner/hook/ld_library_path_lib.sh'
[79.417s] Level 1:colcon.colcon_core.environment:checking '/home/dgut/code/Nazarite/install/teb_local_planner/bin'
[79.417s] Level 1:colcon.colcon_core.environment:checking '/home/dgut/code/Nazarite/install/teb_local_planner/lib/pkgconfig/teb_local_planner.pc'
[79.417s] Level 1:colcon.colcon_core.environment:checking '/home/dgut/code/Nazarite/install/teb_local_planner/lib/python3.10/site-packages'
[79.418s] Level 1:colcon.colcon_core.environment:checking '/home/dgut/code/Nazarite/install/teb_local_planner/bin'
[79.418s] INFO:colcon.colcon_core.shell:Creating package script '/home/dgut/code/Nazarite/install/teb_local_planner/share/teb_local_planner/package.ps1'
[79.418s] INFO:colcon.colcon_core.shell:Creating package descriptor '/home/dgut/code/Nazarite/install/teb_local_planner/share/teb_local_planner/package.dsv'
[79.418s] INFO:colcon.colcon_core.shell:Creating package script '/home/dgut/code/Nazarite/install/teb_local_planner/share/teb_local_planner/package.sh'
[79.419s] INFO:colcon.colcon_core.shell:Creating package script '/home/dgut/code/Nazarite/install/teb_local_planner/share/teb_local_planner/package.bash'
[79.419s] INFO:colcon.colcon_core.shell:Creating package script '/home/dgut/code/Nazarite/install/teb_local_planner/share/teb_local_planner/package.zsh'
[79.419s] Level 1:colcon.colcon_core.environment:create_file_with_runtime_dependencies(/home/dgut/code/Nazarite/install/teb_local_planner/share/colcon-core/packages/teb_local_planner)
[109.430s] DEBUG:colcon.colcon_core.event_handler.log_command:Invoked command in '/home/dgut/code/Nazarite/build/fast_lio' returned '0': AMENT_PREFIX_PATH=/home/dgut/code/Nazarite/install/livox_ros_driver2:${AMENT_PREFIX_PATH} CMAKE_PREFIX_PATH=/home/dgut/code/Nazarite/install/livox_ros_driver2:/opt/ros/humble LD_LIBRARY_PATH=/home/dgut/code/Nazarite/install/livox_ros_driver2/lib:${LD_LIBRARY_PATH} PYTHONPATH=/home/dgut/code/Nazarite/install/livox_ros_driver2/local/lib/python3.10/dist-packages:${PYTHONPATH} /usr/bin/cmake --build /home/dgut/code/Nazarite/build/fast_lio -- -j16 -l16
[109.432s] DEBUG:colcon.colcon_core.event_handler.log_command:Invoking command in '/home/dgut/code/Nazarite/build/fast_lio': AMENT_PREFIX_PATH=/home/dgut/code/Nazarite/install/livox_ros_driver2:${AMENT_PREFIX_PATH} CMAKE_PREFIX_PATH=/home/dgut/code/Nazarite/install/livox_ros_driver2:/opt/ros/humble LD_LIBRARY_PATH=/home/dgut/code/Nazarite/install/livox_ros_driver2/lib:${LD_LIBRARY_PATH} PYTHONPATH=/home/dgut/code/Nazarite/install/livox_ros_driver2/local/lib/python3.10/dist-packages:${PYTHONPATH} /usr/bin/cmake --install /home/dgut/code/Nazarite/build/fast_lio
[139.459s] Level 1:colcon.colcon_core.environment:create_environment_scripts_only(fast_lio)
[139.459s] Level 1:colcon.colcon_core.environment:checking '/home/dgut/code/Nazarite/install/fast_lio' for CMake module files
[139.460s] DEBUG:colcon.colcon_core.event_handler.log_command:Invoked command in '/home/dgut/code/Nazarite/build/fast_lio' returned '0': AMENT_PREFIX_PATH=/home/dgut/code/Nazarite/install/livox_ros_driver2:${AMENT_PREFIX_PATH} CMAKE_PREFIX_PATH=/home/dgut/code/Nazarite/install/livox_ros_driver2:/opt/ros/humble LD_LIBRARY_PATH=/home/dgut/code/Nazarite/install/livox_ros_driver2/lib:${LD_LIBRARY_PATH} PYTHONPATH=/home/dgut/code/Nazarite/install/livox_ros_driver2/local/lib/python3.10/dist-packages:${PYTHONPATH} /usr/bin/cmake --install /home/dgut/code/Nazarite/build/fast_lio
[139.461s] Level 1:colcon.colcon_core.environment:checking '/home/dgut/code/Nazarite/install/fast_lio' for CMake config files
[139.462s] Level 1:colcon.colcon_core.shell:create_environment_hook('fast_lio', 'cmake_prefix_path')
[139.462s] INFO:colcon.colcon_core.shell:Creating environment hook '/home/dgut/code/Nazarite/install/fast_lio/share/fast_lio/hook/cmake_prefix_path.ps1'
[139.462s] INFO:colcon.colcon_core.shell:Creating environment descriptor '/home/dgut/code/Nazarite/install/fast_lio/share/fast_lio/hook/cmake_prefix_path.dsv'
[139.463s] INFO:colcon.colcon_core.shell:Creating environment hook '/home/dgut/code/Nazarite/install/fast_lio/share/fast_lio/hook/cmake_prefix_path.sh'
[139.463s] Level 1:colcon.colcon_core.environment:checking '/home/dgut/code/Nazarite/install/fast_lio/lib'
[139.463s] Level 1:colcon.colcon_core.shell:create_environment_hook('fast_lio', 'ld_library_path_lib')
[139.463s] INFO:colcon.colcon_core.shell:Creating environment hook '/home/dgut/code/Nazarite/install/fast_lio/share/fast_lio/hook/ld_library_path_lib.ps1'
[139.464s] INFO:colcon.colcon_core.shell:Creating environment descriptor '/home/dgut/code/Nazarite/install/fast_lio/share/fast_lio/hook/ld_library_path_lib.dsv'
[139.464s] INFO:colcon.colcon_core.shell:Creating environment hook '/home/dgut/code/Nazarite/install/fast_lio/share/fast_lio/hook/ld_library_path_lib.sh'
[139.464s] Level 1:colcon.colcon_core.environment:checking '/home/dgut/code/Nazarite/install/fast_lio/bin'
[139.464s] Level 1:colcon.colcon_core.environment:checking '/home/dgut/code/Nazarite/install/fast_lio/lib/pkgconfig/fast_lio.pc'
[139.464s] Level 1:colcon.colcon_core.environment:checking '/home/dgut/code/Nazarite/install/fast_lio/lib/python3.10/site-packages'
[139.465s] Level 1:colcon.colcon_core.environment:checking '/home/dgut/code/Nazarite/install/fast_lio/bin'
[139.465s] INFO:colcon.colcon_core.shell:Creating package script '/home/dgut/code/Nazarite/install/fast_lio/share/fast_lio/package.ps1'
[139.465s] INFO:colcon.colcon_core.shell:Creating package descriptor '/home/dgut/code/Nazarite/install/fast_lio/share/fast_lio/package.dsv'
[139.466s] INFO:colcon.colcon_core.shell:Creating package script '/home/dgut/code/Nazarite/install/fast_lio/share/fast_lio/package.sh'
[139.466s] INFO:colcon.colcon_core.shell:Creating package script '/home/dgut/code/Nazarite/install/fast_lio/share/fast_lio/package.bash'
[139.466s] INFO:colcon.colcon_core.shell:Creating package script '/home/dgut/code/Nazarite/install/fast_lio/share/fast_lio/package.zsh'
[139.466s] Level 1:colcon.colcon_core.environment:create_file_with_runtime_dependencies(/home/dgut/code/Nazarite/install/fast_lio/share/colcon-core/packages/fast_lio)
[139.467s] Level 1:colcon.colcon_core.environment:create_environment_scripts_only(fast_lio)
[139.467s] Level 1:colcon.colcon_core.environment:checking '/home/dgut/code/Nazarite/install/fast_lio' for CMake module files
[139.467s] Level 1:colcon.colcon_core.environment:checking '/home/dgut/code/Nazarite/install/fast_lio' for CMake config files
[139.468s] Level 1:colcon.colcon_core.shell:create_environment_hook('fast_lio', 'cmake_prefix_path')
[139.468s] INFO:colcon.colcon_core.shell:Creating environment hook '/home/dgut/code/Nazarite/install/fast_lio/share/fast_lio/hook/cmake_prefix_path.ps1'
[139.469s] INFO:colcon.colcon_core.shell:Creating environment descriptor '/home/dgut/code/Nazarite/install/fast_lio/share/fast_lio/hook/cmake_prefix_path.dsv'
[139.469s] INFO:colcon.colcon_core.shell:Creating environment hook '/home/dgut/code/Nazarite/install/fast_lio/share/fast_lio/hook/cmake_prefix_path.sh'
[139.469s] Level 1:colcon.colcon_core.environment:checking '/home/dgut/code/Nazarite/install/fast_lio/lib'
[139.469s] Level 1:colcon.colcon_core.shell:create_environment_hook('fast_lio', 'ld_library_path_lib')
[139.470s] INFO:colcon.colcon_core.shell:Creating environment hook '/home/dgut/code/Nazarite/install/fast_lio/share/fast_lio/hook/ld_library_path_lib.ps1'
[139.470s] INFO:colcon.colcon_core.shell:Creating environment descriptor '/home/dgut/code/Nazarite/install/fast_lio/share/fast_lio/hook/ld_library_path_lib.dsv'
[139.470s] INFO:colcon.colcon_core.shell:Creating environment hook '/home/dgut/code/Nazarite/install/fast_lio/share/fast_lio/hook/ld_library_path_lib.sh'
[139.471s] Level 1:colcon.colcon_core.environment:checking '/home/dgut/code/Nazarite/install/fast_lio/bin'
[139.471s] Level 1:colcon.colcon_core.environment:checking '/home/dgut/code/Nazarite/install/fast_lio/lib/pkgconfig/fast_lio.pc'
[139.471s] Level 1:colcon.colcon_core.environment:checking '/home/dgut/code/Nazarite/install/fast_lio/lib/python3.10/site-packages'
[139.471s] Level 1:colcon.colcon_core.environment:checking '/home/dgut/code/Nazarite/install/fast_lio/bin'
[139.471s] INFO:colcon.colcon_core.shell:Creating package script '/home/dgut/code/Nazarite/install/fast_lio/share/fast_lio/package.ps1'
[139.471s] INFO:colcon.colcon_core.shell:Creating package descriptor '/home/dgut/code/Nazarite/install/fast_lio/share/fast_lio/package.dsv'
[139.472s] INFO:colcon.colcon_core.shell:Creating package script '/home/dgut/code/Nazarite/install/fast_lio/share/fast_lio/package.sh'
[139.472s] INFO:colcon.colcon_core.shell:Creating package script '/home/dgut/code/Nazarite/install/fast_lio/share/fast_lio/package.bash'
[139.472s] INFO:colcon.colcon_core.shell:Creating package script '/home/dgut/code/Nazarite/install/fast_lio/share/fast_lio/package.zsh'
[139.472s] Level 1:colcon.colcon_core.environment:create_file_with_runtime_dependencies(/home/dgut/code/Nazarite/install/fast_lio/share/colcon-core/packages/fast_lio)
[139.472s] DEBUG:colcon.colcon_parallel_executor.executor.parallel:closing loop
[139.473s] DEBUG:colcon.colcon_parallel_executor.executor.parallel:loop closed
[139.473s] DEBUG:colcon.colcon_parallel_executor.executor.parallel:run_until_complete finished with '0'
[139.473s] DEBUG:colcon.colcon_core.event_reactor:joining thread
[139.476s] INFO:colcon.colcon_core.plugin_system:Skipping extension 'colcon_notification.desktop_notification.terminal_notifier': Not used on non-Darwin systems
[139.476s] INFO:colcon.colcon_core.plugin_system:Skipping extension 'colcon_notification.desktop_notification.win32': Not used on non-Windows systems
[139.476s] INFO:colcon.colcon_notification.desktop_notification:Sending desktop notification using 'notify2'
[139.476s] DEBUG:colcon.colcon_notification.desktop_notification.notify2:Failed to initialize notify2: org.freedesktop.DBus.Error.AccessDenied: Failed to connect to socket /run/user/1000/bus: Operation not permitted
[139.476s] DEBUG:colcon.colcon_core.event_reactor:joined thread
[139.476s] INFO:colcon.colcon_core.shell:Creating prefix script '/home/dgut/code/Nazarite/install/local_setup.ps1'
[139.478s] INFO:colcon.colcon_core.shell:Creating prefix util module '/home/dgut/code/Nazarite/install/_local_setup_util_ps1.py'
[139.478s] INFO:colcon.colcon_core.shell:Creating prefix chain script '/home/dgut/code/Nazarite/install/setup.ps1'
[139.479s] INFO:colcon.colcon_core.shell:Creating prefix script '/home/dgut/code/Nazarite/install/local_setup.sh'
[139.479s] INFO:colcon.colcon_core.shell:Creating prefix util module '/home/dgut/code/Nazarite/install/_local_setup_util_sh.py'
[139.479s] INFO:colcon.colcon_core.shell:Creating prefix chain script '/home/dgut/code/Nazarite/install/setup.sh'
[139.480s] INFO:colcon.colcon_core.shell:Creating prefix script '/home/dgut/code/Nazarite/install/local_setup.bash'
[139.480s] INFO:colcon.colcon_core.shell:Creating prefix chain script '/home/dgut/code/Nazarite/install/setup.bash'
[139.480s] INFO:colcon.colcon_core.shell:Creating prefix script '/home/dgut/code/Nazarite/install/local_setup.zsh'
[139.480s] INFO:colcon.colcon_core.shell:Creating prefix chain script '/home/dgut/code/Nazarite/install/setup.zsh'
